description,bio,skills,portfolio_items
,"Motion Designer from BA, big 3D stuff lover :)  If you want to contact me, please write to marino.ndio@gmail.com","3d artist, graphic design, illustration, motion graphics, runner","[{""title"": ""Fairytale illustration"", ""shot_url"": ""https://cdn.dribbble.com/userupload/13817955/file/original-5f3bedf1bd86ce7474399a4f2c982508.jpeg""}, {""title"": ""Bento Scape | 7 | TREES"", ""shot_url"": ""https://cdn.dribbble.com/userupload/13805272/file/original-6faac0195f1e0db10a2f9393a4417afa.jpg""}]"
Step into Design Acceleration with us.,"Step into Design Acceleration with us. We use design to fuel business growth, delivering results that matter.¬†","app ui, apple, application, applications, branding, css, drawing, interaction design, landing page, logo, mobile, ui, ux, web design",[]
"Your strategy, design and technology partner.","We‚Äôre Fireart, your strategy, design & technology partner.","branding, design, development, gif animation, icon, illustration, javascript, mobile, motion graphics, node.js, product design, react native, react.js, ui, ux, web design","[{""title"": ""Create New Document Tab Bar"", ""shot_url"": ""https://cdn.dribbble.com/users/379146/screenshots/4957638/media/7792ab7beaf740e2f683dac18c45b8d9.gif""}, {""title"": ""BuddyBank Mobile App design: iOS Android ux ui designer"", ""shot_url"": ""https://cdn.dribbble.com/userupload/4262517/file/still-635689261472c8d11403fdfbb8d791d4.png""}, {""title"": ""Hotel Booking App"", ""shot_url"": ""https://cdn.dribbble.com/users/1997192/screenshots/14765030/media/ed2a4149da66ef1d5f9a55e39e1d4bf3.png""}, {""title"": ""Toy Shop App"", ""shot_url"": ""https://cdn.dribbble.com/users/1997192/screenshots/14730508/media/bbecc72ac870b48b86cc56717e8bae59.png""}, {""title"": ""Snapsound Homepage (In progress)"", ""shot_url"": ""https://cdn.dribbble.com/users/108/screenshots/7160309/media/96db7fa4c1312555ff5dbc2bea57a737.jpg""}, {""title"": ""Flying cafe"", ""shot_url"": ""https://cdn.dribbble.com/users/485324/screenshots/6582653/opengear_retail_3_still_2x.gif""}, {""title"": ""Chat \ud83d\udcac"", ""shot_url"": ""https://cdn.dribbble.com/users/774375/screenshots/3931775/shot.png""}, {""title"": ""InVision Studio - Bicycle shop concept for upcoming course"", ""shot_url"": ""https://cdn.dribbble.com/users/2261070/screenshots/4538729/media/338bd69f5f63f48bf02f1ca023072ca8.gif""}, {""title"": ""Photography Blog"", ""shot_url"": ""https://cdn.dribbble.com/users/121337/screenshots/3190255/photography-blog_still_2x.gif""}, {""title"": ""050 DailyUI \u2014 Job List"", ""shot_url"": ""https://cdn.dribbble.com/users/208967/screenshots/2581958/media/6eccdaae28eb98a247cda0cc2719a30d.gif""}, {""title"": ""CRM - Onboarding"", ""shot_url"": ""https://cdn.dribbble.com/users/207046/screenshots/2851692/d8.png""}, {""title"": ""Aircraft zoom interaction for travel app product by fantasy"", ""shot_url"": ""https://cdn.dribbble.com/users/1331/screenshots/2817989/media/5687bea37b7efbf3dc2f2d7549e97000.gif""}, {""title"": ""Animated scroll of Middle School app"", ""shot_url"": ""https://cdn.dribbble.com/users/525747/screenshots/2759821/scroll800-600_still_2x.gif""}, {""title"": ""Pricing #dailyui 01"", ""shot_url"": ""https://cdn.dribbble.com/users/787324/screenshots/2637308/media/93a39ae9e9f80a5b4cb70b12128f3946.jpg""}, {""title"": ""Day 004 - Credit Card Payment"", ""shot_url"": ""https://cdn.dribbble.com/users/3587/screenshots/2131063/dribbble_preview.jpg""}, {""title"": ""Sponseasy"", ""shot_url"": ""https://cdn.dribbble.com/users/57127/screenshots/2064043/deck3_still.gif""}, {""title"": ""WordPress Dashboard"", ""shot_url"": ""https://cdn.dribbble.com/users/135634/screenshots/2056289/open-uri20150510-11-q9b3wm""}, {""title"": ""UX Study: Plan Selection"", ""shot_url"": ""https://cdn.dribbble.com/users/10823/screenshots/2033279/media/1f53c3947d922aec93509a731ca4dd35.gif""}, {""title"": ""Subscription Steps"", ""shot_url"": ""https://cdn.dribbble.com/users/1247/screenshots/2024972/media/13167bb851d5af3b19599a89b7ad1e04.jpg""}, {""title"": ""Mixpanel Uber Ride Landing Page"", ""shot_url"": ""https://cdn.dribbble.com/users/44126/screenshots/1489806/media/e8aeab78ac4345deb2d1e2e46cf7630a.gif""}, {""title"": ""Muuto Designers Page"", ""shot_url"": ""https://cdn.dribbble.com/users/1133834/screenshots/6022323/muuto_designers.png""}, {""title"": ""Handbook"", ""shot_url"": ""https://cdn.dribbble.com/users/12516/screenshots/2091214/cover_2x.png""}, {""title"": ""Newsletter"", ""shot_url"": ""https://cdn.dribbble.com/users/144388/screenshots/1518379/input-newsletter-dribbble.png""}, {""title"": ""Newsletter/Email Design"", ""shot_url"": ""https://cdn.dribbble.com/users/2559/screenshots/1518120/montage.png""}, {""title"": ""Robust Security Measures for Modern Finance Companies 6"", ""shot_url"": ""https://cdn.dribbble.com/userupload/9735228/file/original-6f1e511f2478f3a072a201c5c145ffe8.png""}, {""title"": ""Financial Super App"", ""shot_url"": ""https://cdn.dribbble.com/users/7669886/screenshots/17312028/media/308c06696bb56e83d64c6109ebc45f71.png""}, {""title"": ""Swatches"", ""shot_url"": ""https://cdn.dribbble.com/users/541143/screenshots/5989004/art_1__converted_.png""}, {""title"": ""Cosmetic Landing page UX-UI Design"", ""shot_url"": ""https://cdn.dribbble.com/users/1615584/screenshots/14052001/media/7080c85e2df84dfcbf53c65d699e16e6.jpg""}, {""title"": ""Help Scout"", ""shot_url"": ""https://cdn.dribbble.com/users/8648/screenshots/2961939/hs_still_2x.gif""}, {""title"": ""Google Drive Redesign"", ""shot_url"": ""https://cdn.dribbble.com/users/594158/screenshots/2888360/2.jpg""}, {""title"": ""Developer Portal Illustrations"", ""shot_url"": ""https://cdn.dribbble.com/users/120724/screenshots/2863173/dev-portal-home-1.jpg""}, {""title"": ""Assembly"", ""shot_url"": ""https://cdn.dribbble.com/users/414899/screenshots/2682917/media/5016d5a0448e3249e7c856bac267b662.png""}, {""title"": ""Instaplus"", ""shot_url"": ""https://cdn.dribbble.com/users/279993/screenshots/2644692/instaplus.png""}, {""title"": ""PinMsg"", ""shot_url"": ""https://cdn.dribbble.com/users/107759/screenshots/1462414/media/cdd85e30e25553e56a00fde5a01095c4.gif""}]"
We are a partner for digital evolution,"We are a partner for digital evolution, merging creativity and technology for holistic growth. We join forces with companies dedicated to addressing real human needs. Leveraging our full-cycle digital capabilities, we shape brands, experiences, and products that enrich the lives of millions every single day. ","branding, dashboard, design, design systems, development, front end development, interaction design, mobile, product design, ui, ux, visual identity design, web design, websites, wordpress","[{""title"": ""Popover components"", ""shot_url"": ""https://cdn.dribbble.com/users/149817/screenshots/11117547/for_dribbble_14_4_2.png""}, {""title"": ""Inter"", ""shot_url"": ""https://cdn.dribbble.com/users/1766465/screenshots/14297034/media/c1ea4e341b2a21381258c4b5cb5e5345.png""}, {""title"": ""Mobile App Onboarding"", ""shot_url"": ""https://cdn.dribbble.com/users/775143/screenshots/6833910/quesk_onboarding_dribbble_neue_texte_1__1_.png""}, {""title"": ""OpenNode - Landing page"", ""shot_url"": ""https://cdn.dribbble.com/users/549303/screenshots/5722209/dribbble_shot_-_homepage_4x.png""}, {""title"": ""Graph Visualizations"", ""shot_url"": ""https://cdn.dribbble.com/users/506239/screenshots/3757735/media/a890407a4ef2c8962c804fb75bbc8a02.png""}, {""title"": ""Reporting in Intercom"", ""shot_url"": ""https://cdn.dribbble.com/users/521412/screenshots/3829687/reporting.png""}, {""title"": ""Signal is live!"", ""shot_url"": ""https://cdn.dribbble.com/users/66748/screenshots/3691494/media/6ec0b5d0b25a9e9e0c5129012759512c.png""}, {""title"": ""Music Editor"", ""shot_url"": ""https://cdn.dribbble.com/userupload/13134384/file/still-4ffec55b00a51a12a4c8dab5b217edfe.png""}, {""title"": ""Mobile Banking Onboarding"", ""shot_url"": ""https://cdn.dribbble.com/users/117900/screenshots/17420799/media/733eb38ae9dde06b374dae9f9f836bd7.png""}, {""title"": ""Elastica - even more!"", ""shot_url"": ""https://cdn.dribbble.com/users/40433/screenshots/1482219/dribbble.png""}, {""title"": ""Elastica - Articles"", ""shot_url"": ""https://cdn.dribbble.com/users/40433/screenshots/1484089/dribbble.png""}, {""title"": ""Manual Magazine/Blog Content Layout"", ""shot_url"": ""https://cdn.dribbble.com/users/168777/screenshots/1824902/manual.jpg""}, {""title"": ""CreateOne Journal"", ""shot_url"": ""https://cdn.dribbble.com/users/28033/screenshots/1114331/media/d7326e369a789249573f763ecaf537bf.png""}, {""title"": ""Ressources Page"", ""shot_url"": ""https://cdn.dribbble.com/users/57127/screenshots/1785277/ressources-page.jpg""}]"
Independent & multidimensional agency,"Hue&Machine is an independent & multidimensional full service, platform-agnostic, design & branding studio based in London and Kyiv. We do care deeply about what we do and have become experts in designing rich, simple & intuitive products. We are not focused on award-winning applications, we build experiences that create value & reach goals. Our present & past clients are brands like Microsoft, Snap Inc., and Headline. ","crm, enterprise software, erp, graphic design, interaction design, ios application design, mobile, mobile design, product design, saas, ui, uidesign, ux, uxdesign, visual design, web design",[]
,"Hello,Graphic Designer with 15+ years of working experience.My services:Brochure Poster FlyerSocial Media posts & bannerArtworks CatalogsMagazine Look BooksLogo Design Business card Mockup Photo Editing ","adobe illustrator, photoshop editing",[]
Creative studio,"Design studio specialising in illustration, icons, digital painting, typography & animation","animation, design, digital painting, icon, illustration, infographic design, lettering, typography",[]
,Enterprise Software | Mobile Apps | Web app Development Company,"figma, illustration, mobile, mobile app ui, mobile apps development, sketch, ui, ux, web, web app development, web design, web ui, xd",[]
Creating stars in the digital universe ‚ú®              ‚§µ,"For the past decade, we‚Äôve been dedicated to helping our partners, ranging from small and medium-sized businesses to enterprises like Corel & Oppo, enhance their digital presence and elevate their products. We always try to do it with high commitment and passion, because this is the Way!","animation, branding, branding  identity, digital design, graphic design, illustration, interaction design, marketing websites, mobile interface, product design, service design, startups, ui, ux, web design, wireframing and prototyping","[{""title"": ""\ud83c\udf83 Like or Treat! Freebies Inside"", ""shot_url"": ""https://cdn.dribbble.com/users/466659/screenshots/5478123/hallowen_still_2x.gif""}, {""title"": ""Chaart Productivity"", ""shot_url"": ""https://cdn.dribbble.com/users/466659/screenshots/6525903/chaart_productivity_4x.png""}, {""title"": ""Lazy Sloths Illustration"", ""shot_url"": ""https://cdn.dribbble.com/users/466659/screenshots/6591633/lazy_sloths_illustration_4x.png""}, {""title"": ""Blitz Agency Illustration"", ""shot_url"": ""https://cdn.dribbble.com/users/466659/screenshots/6580594/blitz_agency_illustration_4x.png""}, {""title"": ""Tude Express Delivery Website"", ""shot_url"": ""https://cdn.dribbble.com/users/6234/screenshots/9835089/media/779806f3ec4ef9fb939f6f75b95cc241.png""}, {""title"": ""WordPress Masters Support"", ""shot_url"": ""https://cdn.dribbble.com/users/26642/screenshots/10632446/media/cc187373ebf75db1a0bfc10662807fef.png""}, {""title"": ""Foodoo Cooking Academy Website"", ""shot_url"": ""https://cdn.dribbble.com/users/6234/screenshots/10865257/media/cb98d7a73fcda8122dd0522cb0754127.png""}, {""title"": ""Green House Website"", ""shot_url"": ""https://cdn.dribbble.com/users/6234/screenshots/11299222/media/bc14b18c255d34d0d3d9e9c99f9a9da6.png""}, {""title"": ""Kitchen secrets"", ""shot_url"": ""https://cdn.dribbble.com/users/6234/screenshots/13979302/media/cd64dc56aac72dacb3a295cfd9f53ca2.png""}, {""title"": ""Spooky Newbie: Halloween Pack"", ""shot_url"": ""https://cdn.dribbble.com/users/4540442/screenshots/14494126/media/6c565571d2413dbda7ae7482c285e445.png""}, {""title"": ""Tella Ice Cream Branding"", ""shot_url"": ""https://cdn.dribbble.com/users/4540442/screenshots/14568491/tella_animation.png""}, {""title"": ""Parc - Spreads"", ""shot_url"": ""https://cdn.dribbble.com/users/966188/screenshots/11080872/media/850a55a739b77f378b7dade772a012b3.jpg""}, {""title"": ""\u0412\u0438\u0437\u0430\u0445\u043e\u0434"", ""shot_url"": ""https://cdn.dribbble.com/users/1069526/screenshots/11084162/media/9a67df1f7c107495683fe2b6f87501fc.jpg""}, {""title"": ""Peachy Case Study Launch"", ""shot_url"": ""https://cdn.dribbble.com/users/414899/screenshots/11080793/media/15599db78e572a6610cc65eb131e4bba.jpg""}, {""title"": ""Adobe x Hoodzpah Personal Project Consistency Tutorial  06"", ""shot_url"": ""https://cdn.dribbble.com/users/56953/screenshots/11083089/media/3ddca0c15f12204d06b1c6176521d066.png""}, {""title"": ""Membership Sales Deck"", ""shot_url"": ""https://cdn.dribbble.com/users/15139/screenshots/7116651/media/b50f1e197dcfedca6f91c88f5057d3bf.jpg""}, {""title"": ""ShipBob - Brand Guidelines"", ""shot_url"": ""https://cdn.dribbble.com/users/757683/screenshots/10753225/media/7860c4453dd7acbf41b682b67c904cfd.jpg""}, {""title"": ""Wibbitz - Email Template"", ""shot_url"": ""https://cdn.dribbble.com/users/757683/screenshots/10841174/media/3e5c65619b3c9044cce25da68ab114af.jpg""}, {""title"": ""Brand Identity - Zethla"", ""shot_url"": ""https://cdn.dribbble.com/users/631735/screenshots/10976741/media/608438ddc2c0f2fa1250c4e3259f84d4.gif""}, {""title"": ""PuntoPago Branding"", ""shot_url"": ""https://cdn.dribbble.com/users/4859/screenshots/10909896/media/8038b2b5cc85df6ee2e1eea990b71f79.png""}, {""title"": ""Shanghai Dragons Concepts"", ""shot_url"": ""https://cdn.dribbble.com/users/2598141/screenshots/10843297/media/2a6df9c628359da495c80216478eb370.png""}, {""title"": ""Metalsmith Society Gem Talk"", ""shot_url"": ""https://cdn.dribbble.com/users/275324/screenshots/10854079/media/5d94c2b870fd949050ac5e42d6ebf136.png""}, {""title"": ""Basic Brand guideline for Kanu"", ""shot_url"": ""https://cdn.dribbble.com/users/1763872/screenshots/10872711/media/5951c944bec09312a64c1566951053d1.png""}, {""title"": ""CBrand 2019"", ""shot_url"": ""https://cdn.dribbble.com/users/45787/screenshots/6825031/concreetshot_4x.png""}, {""title"": ""Ringling Effect"", ""shot_url"": ""https://cdn.dribbble.com/users/14268/screenshots/7087682/media/11f6b4846acdd9e878430be3d8f78ae9.png""}, {""title"": ""Confluera Logo"", ""shot_url"": ""https://cdn.dribbble.com/users/946315/screenshots/6905843/confluera_logo_4x.png""}, {""title"": ""ZealTea - Branding"", ""shot_url"": ""https://cdn.dribbble.com/users/14268/screenshots/6495419/zeal_4x.png""}, {""title"": ""Music and Arts Festival - Identity"", ""shot_url"": ""https://cdn.dribbble.com/users/631735/screenshots/9649617/media/62d6d8c54b2d030ebfb59349428b4b26.png""}, {""title"": ""\ud83e\uddfb Crisis - Pin"", ""shot_url"": ""https://cdn.dribbble.com/users/14268/screenshots/10749491/media/ca55f73badf118f5f4733ae32b3850e9.png""}, {""title"": ""Collibra Brand Guidelines"", ""shot_url"": ""https://cdn.dribbble.com/users/2475252/screenshots/9882627/media/675d816f087cf666c9e518a1b8bb3300.jpg""}, {""title"": ""Firefox Branding, visual identity, corporate brand design"", ""shot_url"": ""https://cdn.dribbble.com/users/25514/screenshots/10282704/media/d5f6cf07790b3e390ced3424eca843e6.png""}, {""title"": ""Collibra Illustrations"", ""shot_url"": ""https://cdn.dribbble.com/users/2475252/screenshots/9882541/media/c163ed3ded1f20fab16060057bf20a6d.png""}, {""title"": ""Team Quito 2020"", ""shot_url"": ""https://cdn.dribbble.com/users/9964/screenshots/10566630/media/263d835be0ab51ba8608023acec55844.jpg""}, {""title"": ""opal - abstract colorful logo design"", ""shot_url"": ""https://cdn.dribbble.com/users/1769954/screenshots/10841266/media/00ca68046e8cdb4efa9a60e3875b1125.png""}]"
We make complex applications simple for usersüñ§,"Being a full-cycle IT company, we also have a creative side - our designers would be happy to implement your ideas in smooth UI and meaningful UX.Get in touch: hello@ronasit.com","android app design, animation, app ui, branding, development, graphic design, illustration, ios application design, mobile, mvp, product design, startups, ui desing, ux design, web","[{""title"": ""Subscription-based Mobile App Design"", ""shot_url"": ""https://cdn.dribbble.com/userupload/12428051/file/original-19cd28b7f832c071e82f7dcdb66eb2e4.png""}, {""title"": ""No-code Web App Platform"", ""shot_url"": ""https://cdn.dribbble.com/userupload/12472634/file/still-8980911b1ff84b939103e702b871e894.png""}, {""title"": ""HR Web Portal Concept"", ""shot_url"": ""https://cdn.dribbble.com/userupload/12386265/file/original-a4e4d247022d0e90bd9606384d0c5140.png""}, {""title"": ""Skincare Cosmetic Brand Website"", ""shot_url"": ""https://cdn.dribbble.com/userupload/11482068/file/original-7c4bff7a6c8f287fe6850b14aaec20aa.png""}, {""title"": ""Accounting Web App Concept"", ""shot_url"": ""https://cdn.dribbble.com/userupload/11363855/file/original-dc1dcb86df00ffe7c2b12221df953ddb.png""}, {""title"": ""Music Festival Website: mobile version"", ""shot_url"": ""https://cdn.dribbble.com/userupload/11868153/file/original-ad28c62dae606e0b578ec2fefd2cfba2.jpg""}, {""title"": ""Mobile Website Concept"", ""shot_url"": ""https://cdn.dribbble.com/userupload/10654410/file/original-66e3be12202dffa15387b43cf3e74607.png""}, {""title"": ""Ecommerce App Design Concept"", ""shot_url"": ""https://cdn.dribbble.com/userupload/10654558/file/original-8b91f786ada6ff52cf02642430a79dad.png""}, {""title"": ""Ecommerce Website Design Concept"", ""shot_url"": ""https://cdn.dribbble.com/userupload/10648509/file/original-70ac6d0ead730914d39eafb54a9f48db.png""}, {""title"": ""Ecommerce Website"", ""shot_url"": ""https://cdn.dribbble.com/userupload/10143638/file/original-1447847c4bb2f88801de9c178a153e86.png""}, {""title"": ""E-commerce Website"", ""shot_url"": ""https://cdn.dribbble.com/userupload/9643917/file/original-d8640102e10b13327b27f5cb744116ef.png""}, {""title"": ""Chat Bot Mobile App UI"", ""shot_url"": ""https://cdn.dribbble.com/userupload/10495910/file/original-10cde9d9c730f2e53d77b7c15c7d1eba.png""}, {""title"": ""Chatbot Web UI"", ""shot_url"": ""https://cdn.dribbble.com/userupload/8652650/file/original-d67a5c3daf648b55367ea1305776b6bf.png""}, {""title"": ""AI Assistant App"", ""shot_url"": ""https://cdn.dribbble.com/userupload/8283396/file/original-efd82e87e01f585b610cf480dd6f1488.png""}, {""title"": ""Dating App UI"", ""shot_url"": ""https://cdn.dribbble.com/userupload/6644234/file/original-9449a40bf6f84e93acd47a7205f031e8.png""}, {""title"": ""Dating App Concept"", ""shot_url"": ""https://cdn.dribbble.com/userupload/7939416/file/original-5280eb5b5de7f47b8b849bc64c29f6cb.png""}]"
We build¬†world-changing¬†digital products.,We‚Äôre Nixtio - your digital experience partner. In the game from 2010 we turn ideas into amazing projects. ,"3d graphics, app design, branding, development, illustration, landing page, logo, mobile design, product design, prototyping, redesign, ui, ux, web design, webflow, wordpress developer","[{""title"": ""Fishing Boat 3D Illustration"", ""shot_url"": ""https://cdn.dribbble.com/userupload/13411417/file/original-d6c5751c12aac7c368ca2b790b50b7fc.png""}, {""title"": ""NFT Dashboard"", ""shot_url"": ""https://cdn.dribbble.com/userupload/9688381/file/original-11ac40c9d20836d0febb8e0f37603266.png""}, {""title"": ""Game Dashboard Design"", ""shot_url"": ""https://cdn.dribbble.com/userupload/9454439/file/original-60052f1f8b5ce9f3f7f512821f0ddb20.png""}, {""title"": ""Crypto Wallet Landing Page"", ""shot_url"": ""https://cdn.dribbble.com/userupload/9337332/file/original-1f78da32d0118c2d2543abe47ef207c7.png""}, {""title"": ""Banking Mobile App"", ""shot_url"": ""https://cdn.dribbble.com/userupload/9333805/file/original-71f2d1d1f5c1117066a81cf2b5308a05.png""}, {""title"": ""Ads Manager Dashboard Design"", ""shot_url"": ""https://cdn.dribbble.com/userupload/9287724/file/original-a496956c7a396867486c4425789d8be5.png""}, {""title"": ""Cryptolab Branding And Logo Concept"", ""shot_url"": ""https://cdn.dribbble.com/userupload/9008448/file/original-f62480396d9ec648de32d106a1b9079a.png""}, {""title"": ""NFT Icons 3D Pack"", ""shot_url"": ""https://cdn.dribbble.com/userupload/8982055/file/original-b8990237420ad923bfc846ce3130758d.png""}, {""title"": ""Marketing Mobile App Design"", ""shot_url"": ""https://cdn.dribbble.com/userupload/8738246/file/original-c75d395b06fa9e1c4d10459b482a3dff.png""}, {""title"": ""Social Network - Mobile App"", ""shot_url"": ""https://cdn.dribbble.com/userupload/4789687/file/original-2bf61934757e5f1d373d82f85e156e8f.png""}, {""title"": ""Gadgets Everywhere"", ""shot_url"": ""https://cdn.dribbble.com/users/711709/screenshots/16449161/shot_gadgets_1.1.png""}, {""title"": ""Property Marketplace Mobile"", ""shot_url"": ""https://cdn.dribbble.com/users/282315/screenshots/16089155/media/0f88e23254a18b2684d9382ffb36dab3.png""}, {""title"": ""Pet Care Landing Page"", ""shot_url"": ""https://cdn.dribbble.com/users/282315/screenshots/15477957/media/5dcacfb2c11ab75e8581d75a4b963889.png""}, {""title"": ""Tuner UI Concept"", ""shot_url"": ""https://cdn.dribbble.com/users/282315/screenshots/15065452/01_toggler_shot.png""}, {""title"": ""Investment & Profit Dashboard | Design"", ""shot_url"": ""https://cdn.dribbble.com/users/1057940/screenshots/14819803/media/25fb3f6329cdf2912e59aba290491d35.png""}, {""title"": ""Ladning Page Design"", ""shot_url"": ""https://cdn.dribbble.com/users/282315/screenshots/14770118/media/e11c4403982b77691173ecd6fe40a507.png""}, {""title"": ""English Learning App Design"", ""shot_url"": ""https://cdn.dribbble.com/users/282315/screenshots/14614757/media/935062bb40af2af03d2d16546d662c78.png""}, {""title"": ""Finance UI Elements Design"", ""shot_url"": ""https://cdn.dribbble.com/users/1615584/screenshots/14670971/media/af3d8e13defaf5c749cd8dcb0297cc07.jpg""}, {""title"": ""Kiwi | Landing Page Design for Rent Scooters"", ""shot_url"": ""https://cdn.dribbble.com/users/282315/screenshots/14671860/media/064f42a3dbb0791f60474fa94af63354.png""}, {""title"": ""Insta Bank Landing Page UI Design"", ""shot_url"": ""https://cdn.dribbble.com/users/1615584/screenshots/14643735/media/db3ee50a68314c0d97fc0155b9ec8515.jpg""}, {""title"": ""Kapital Wallet | Crypto Currency App Design"", ""shot_url"": ""https://cdn.dribbble.com/users/282315/screenshots/14573951/media/00e20023f258dd2d5075ffc1083561c4.png""}, {""title"": ""Kiwi | IOS App Design for Rent Scooters"", ""shot_url"": ""https://cdn.dribbble.com/users/282315/screenshots/14473417/media/74ea35d7404a0ad0e12fbfcc47f97c31.png""}, {""title"": ""English Tree| Language Learning App Design"", ""shot_url"": ""https://cdn.dribbble.com/users/4242612/screenshots/14223926/media/2f9cf664d231f256592e83e10054565a.png""}, {""title"": ""E-learning Platform - Learning Plan Dashboard"", ""shot_url"": ""https://cdn.dribbble.com/userupload/13953073/file/original-6e33bd6ccc468a2226346e03cd705f33.png""}, {""title"": ""Monster Game Web App"", ""shot_url"": ""https://cdn.dribbble.com/userupload/13915221/file/original-33f5e83778411a1dbca0b12cf33af308.png""}, {""title"": ""Finance Management Dashboard"", ""shot_url"": ""https://cdn.dribbble.com/userupload/13834687/file/original-52c4150ae9da9fe3d8d36505d080f1b2.png""}, {""title"": ""Crypto Trading Web Platform"", ""shot_url"": ""https://cdn.dribbble.com/userupload/13431115/file/original-2045c0062cefaf3886265690524568aa.png""}, {""title"": ""Crypto Platform Web Design"", ""shot_url"": ""https://cdn.dribbble.com/userupload/13598315/file/original-efeae2e65adaac8b2c02b07f4e5b22b2.png""}, {""title"": ""Vinyl Records Web Store"", ""shot_url"": ""https://cdn.dribbble.com/userupload/13347922/file/original-dc242a821fcd03e3e5384c8f66472dd6.png""}, {""title"": ""Web Game Design Concept"", ""shot_url"": ""https://cdn.dribbble.com/userupload/13265558/file/original-59dd690a520b758defecbdcd7fda9123.png""}, {""title"": ""Projects Monitoring Dashboard"", ""shot_url"": ""https://cdn.dribbble.com/userupload/13171407/file/original-913574faebea7d766da5f6ea68442f4a.png""}, {""title"": ""Travel Website Design"", ""shot_url"": ""https://cdn.dribbble.com/userupload/12997298/file/original-39a03b11c7e4889caab7d290e365b536.png""}, {""title"": ""Speaker Landing Page"", ""shot_url"": ""https://cdn.dribbble.com/userupload/12954193/file/original-ad8cb95b3415968c5d259707de04174e.png""}, {""title"": ""Masks Web Store Design"", ""shot_url"": ""https://cdn.dribbble.com/userupload/12871591/file/original-e36daa35d6969c41de2be1ae71e22bcd.png""}, {""title"": ""Profico. - Digital Banking Wesite"", ""shot_url"": ""https://cdn.dribbble.com/userupload/12832570/file/original-4a618db84d5b1eb3bcf2e0955fcaf02d.png""}, {""title"": ""Fundraising Dashboard Design"", ""shot_url"": ""https://cdn.dribbble.com/userupload/12695197/file/original-c327b914d247e445bc4babd08a7c9e18.png""}, {""title"": ""Game Landing Page Design"", ""shot_url"": ""https://cdn.dribbble.com/userupload/12652571/file/original-c1b7af600d550e26524b047a102a6d1f.png""}, {""title"": ""Business Management Dashboard"", ""shot_url"": ""https://cdn.dribbble.com/userupload/12563817/file/original-c81c799a1b35a68af19eaf3c71eaa811.png""}, {""title"": ""Digital Agency Rebranding"", ""shot_url"": ""https://cdn.dribbble.com/userupload/12538959/file/still-b53ec17f61de6a1926c0595b51857d4d.png""}, {""title"": ""Cargo Delivery Website"", ""shot_url"": ""https://cdn.dribbble.com/userupload/12476216/file/original-c03bea7c795cdbc4fb34a9d9c471d975.png""}, {""title"": ""E-commerce Web Design Concept"", ""shot_url"": ""https://cdn.dribbble.com/userupload/12389993/file/original-7a29cb00273f96336f7f480210f66452.png""}, {""title"": ""Honey Packaging Ideas"", ""shot_url"": ""https://cdn.dribbble.com/userupload/12365816/file/still-878856db723d5224741f2414c4d95caa.png""}, {""title"": ""SaaS Product UI Elements"", ""shot_url"": ""https://cdn.dribbble.com/userupload/12342720/file/original-f28d25adae4b2120a6c3d9342420532d.png""}, {""title"": ""NFT Marketplace Web Design"", ""shot_url"": ""https://cdn.dribbble.com/userupload/12300608/file/original-3dd2f626c104dcdca0c40ace24741ba6.png""}, {""title"": ""E-commerce Watches Web Design"", ""shot_url"": ""https://cdn.dribbble.com/userupload/12259285/file/still-533866afe4a75d24e48e630e81d7b18c.png""}, {""title"": ""Marketing Analytics Dashboard UI"", ""shot_url"": ""https://cdn.dribbble.com/userupload/12187901/file/original-d8a2e95aea0fd48b6d71f398f7b554c1.png""}, {""title"": ""Business Management Dashboard"", ""shot_url"": ""https://cdn.dribbble.com/userupload/12563817/file/original-c81c799a1b35a68af19eaf3c71eaa811.png""}, {""title"": ""Cargo Delivery Website"", ""shot_url"": ""https://cdn.dribbble.com/userupload/12476216/file/original-c03bea7c795cdbc4fb34a9d9c471d975.png""}, {""title"": ""Marketing Analytics Mobile UI"", ""shot_url"": ""https://cdn.dribbble.com/userupload/12430600/file/original-8aa8635d3594d47d7209cdb8fb2e4768.png""}, {""title"": ""E-commerce Web Design Concept"", ""shot_url"": ""https://cdn.dribbble.com/userupload/12389993/file/original-7a29cb00273f96336f7f480210f66452.png""}, {""title"": ""Honey Packaging Ideas"", ""shot_url"": ""https://cdn.dribbble.com/userupload/12365816/file/still-878856db723d5224741f2414c4d95caa.png""}, {""title"": ""SaaS Product UI Elements"", ""shot_url"": ""https://cdn.dribbble.com/userupload/12342720/file/original-f28d25adae4b2120a6c3d9342420532d.png""}, {""title"": ""NFT Marketplace Web Design"", ""shot_url"": ""https://cdn.dribbble.com/userupload/12300608/file/original-3dd2f626c104dcdca0c40ace24741ba6.png""}, {""title"": ""E-commerce Watches Web Design"", ""shot_url"": ""https://cdn.dribbble.com/userupload/12259285/file/still-533866afe4a75d24e48e630e81d7b18c.png""}, {""title"": ""Marketing Analytics Dashboard UI"", ""shot_url"": ""https://cdn.dribbble.com/userupload/12187901/file/original-d8a2e95aea0fd48b6d71f398f7b554c1.png""}, {""title"": ""Drone Control Mobile App"", ""shot_url"": ""https://cdn.dribbble.com/userupload/12149063/file/original-781b11490bbf06670eb934be22865879.png""}, {""title"": ""Real Estate Developer Dashboard"", ""shot_url"": ""https://cdn.dribbble.com/userupload/12080395/file/original-780942ca67319482af12dd31ef204f5f.png""}, {""title"": ""Chat Mobile Application Design"", ""shot_url"": ""https://cdn.dribbble.com/userupload/11997030/file/original-1b0e9b6d36e20912f58a1312a0c61bc7.png""}, {""title"": ""Drone Control App UI"", ""shot_url"": ""https://cdn.dribbble.com/userupload/11809169/file/original-7acd1e6a64ef33a82a83d9fd556d1222.png""}, {""title"": ""Onboarding Screens for Group Claims Mobile App"", ""shot_url"": ""https://cdn.dribbble.com/userupload/11764623/file/original-8b39cbe984bf2704a10d94adea6ab028.png""}, {""title"": ""Watch Store Website Design"", ""shot_url"": ""https://cdn.dribbble.com/userupload/11506262/file/original-4d52bc4e18602e5992132027aaa50f1f.png""}, {""title"": ""Chronoswiss  Watch Store Redesign"", ""shot_url"": ""https://cdn.dribbble.com/userupload/11040308/file/original-ed7b142c781f789db33fba56facec850.png""}, {""title"": ""Advertising Analytics Dashboard UI"", ""shot_url"": ""https://cdn.dribbble.com/userupload/11015683/file/original-d2b76c00deb6bc032a737a878a80ad4d.png""}, {""title"": ""Watch Store Redesign Concept"", ""shot_url"": ""https://cdn.dribbble.com/userupload/10993709/file/original-8a581ad9619146bd99ea34eabe0fba82.png""}, {""title"": ""NFT Dashboard Mobile"", ""shot_url"": ""https://cdn.dribbble.com/userupload/9904195/file/original-863f081bc8fe05d68bcd3ea6567a3ff1.png""}, {""title"": ""LinkMatch Website Design Animation"", ""shot_url"": ""https://cdn.dribbble.com/userupload/9851603/file/still-37755e851ab93e349ce984feef97b071.png""}, {""title"": ""Skincare Beauty Shop"", ""shot_url"": ""https://cdn.dribbble.com/userupload/9792753/file/original-43c80e4fe390436ad0eca63d4b9a2fef.png""}, {""title"": ""Pet Care - Landing Page"", ""shot_url"": ""https://cdn.dribbble.com/userupload/8901573/file/still-e1901725829c9f1688f3601cddf2faee.png""}, {""title"": ""E-commerce Web Design"", ""shot_url"": ""https://cdn.dribbble.com/userupload/8627405/file/original-c8bb02af517f35938252fa6d9e17fa13.png""}, {""title"": ""Fashion Web Store UI"", ""shot_url"": ""https://cdn.dribbble.com/userupload/7911270/file/original-920f757ebf57c1264bf4b065e9c182f6.png""}, {""title"": ""E-learning Platform - Learning Plan Dashboard"", ""shot_url"": ""https://cdn.dribbble.com/userupload/13953073/file/original-6e33bd6ccc468a2226346e03cd705f33.png""}, {""title"": ""Monster Game Web App"", ""shot_url"": ""https://cdn.dribbble.com/userupload/13915221/file/original-33f5e83778411a1dbca0b12cf33af308.png""}, {""title"": ""Crypto Agency Logo And Branding"", ""shot_url"": ""https://cdn.dribbble.com/userupload/13799839/file/original-c07f994b940a85dfe7a1af34bd3bd8ae.png""}, {""title"": ""Social Media Management App"", ""shot_url"": ""https://cdn.dribbble.com/userupload/13761325/file/original-3c702c9e6668fb5ab945a775129d516a.png""}, {""title"": ""Crypto Trading Web Platform"", ""shot_url"": ""https://cdn.dribbble.com/userupload/13720304/file/original-18a0d4335d3d52703b1aadb90169a5e3.png""}, {""title"": ""Gaming App Design"", ""shot_url"": ""https://cdn.dribbble.com/userupload/13680468/file/original-bcec76af130dc0cd68f32f4756449b21.png""}, {""title"": ""Crypto Platform Web Design"", ""shot_url"": ""https://cdn.dribbble.com/userupload/13598315/file/original-efeae2e65adaac8b2c02b07f4e5b22b2.png""}, {""title"": ""Monster Game Mobile App"", ""shot_url"": ""https://cdn.dribbble.com/userupload/13555658/file/original-c817227fe9cdd0100fe4af4e10b6ccfb.png""}, {""title"": ""Vinyl Records Web Store"", ""shot_url"": ""https://cdn.dribbble.com/userupload/13347922/file/original-dc242a821fcd03e3e5384c8f66472dd6.png""}, {""title"": ""Business App Design"", ""shot_url"": ""https://cdn.dribbble.com/userupload/13064422/file/original-4efc698d3c63a37e26a04342134b277e.jpg""}, {""title"": ""3D Boat Sailing Animation"", ""shot_url"": ""https://cdn.dribbble.com/userupload/13282325/file/still-e70fad5d921ec89bf274b7699b33458b.png""}, {""title"": ""Projects Monitoring Dashboard"", ""shot_url"": ""https://cdn.dribbble.com/userupload/13171407/file/original-913574faebea7d766da5f6ea68442f4a.png""}, {""title"": ""Online Payments App UI Design"", ""shot_url"": ""https://cdn.dribbble.com/userupload/13126159/file/original-ff60d211ab88356265a8f6370217f541.png""}, {""title"": ""Air Quality Monitoring App"", ""shot_url"": ""https://cdn.dribbble.com/userupload/13081414/file/original-84247e7732a18a3282da05e833770602.png""}, {""title"": ""Travel Website Design"", ""shot_url"": ""https://cdn.dribbble.com/userupload/12997298/file/original-39a03b11c7e4889caab7d290e365b536.png""}, {""title"": ""Speaker Landing Page"", ""shot_url"": ""https://cdn.dribbble.com/userupload/12954193/file/original-ad8cb95b3415968c5d259707de04174e.png""}, {""title"": ""Digital Agency Logo and Branding"", ""shot_url"": ""https://cdn.dribbble.com/userupload/12894466/file/original-fb79212790bc1b2fbaa22fda55d534a9.png""}, {""title"": ""Masks Web Store Design"", ""shot_url"": ""https://cdn.dribbble.com/userupload/12871591/file/original-e36daa35d6969c41de2be1ae71e22bcd.png""}, {""title"": ""Fundraising Mobile App Design"", ""shot_url"": ""https://cdn.dribbble.com/userupload/12826568/file/original-b96ceb708ee6f7cfed0659908558e552.png""}, {""title"": ""Honey Produce Logo and Branding"", ""shot_url"": ""https://cdn.dribbble.com/userupload/12761944/file/original-ea9c4f45ab99f53354fcc6467f27cce6.png""}, {""title"": ""Business Management Mobile App"", ""shot_url"": ""https://cdn.dribbble.com/userupload/12734650/file/original-443b8ff6ac4cc2b42b874c018a99357c.png""}, {""title"": ""Fundraising Dashboard Design"", ""shot_url"": ""https://cdn.dribbble.com/userupload/12695197/file/original-c327b914d247e445bc4babd08a7c9e18.png""}, {""title"": ""Sneaker Masks Mobile Shop Design"", ""shot_url"": ""https://cdn.dribbble.com/userupload/12608001/file/original-cb0a0646583c65aade2b8b2e3e673408.png""}, {""title"": ""Business Management Dashboard"", ""shot_url"": ""https://cdn.dribbble.com/userupload/12563817/file/original-c81c799a1b35a68af19eaf3c71eaa811.png""}]"
,Junior UI/UX Designer,,"[{""title"": ""Smart Home Dashboard - Dark mode"", ""shot_url"": ""https://cdn.dribbble.com/userupload/8257434/file/still-f3081f7a2a9e946bc6f4bb5011ead066.png""}, {""title"": ""Pela Website\ud83e\udef6\ud83c\udffb"", ""shot_url"": ""https://cdn.dribbble.com/userupload/8095439/file/original-2b38d951d452fd37ed5f55078c84bc39.png""}]"
,"Motion Designer with 7 years of professional experience and background in graphic design.Versatile in producing various visual styles, including both 2d and 3d animation, as well as illustration and graphic design.Also capable of producing and composing various genres of music and sound effects.",,[]
Japanese style illustrations üáØüáµ / I am available!,‚ö°Ô∏èFreelance illustrator üáØüáµJapanese style üí£Illustrator of Agency Bang! Bang! ,"adobe photoshop, animation 2d, childrens, doodle, doodle art, graphic design, illustration, japanese, kawaii, lettering, logo, logo desing, print design, stickers, t shirt design, typography","[{""title"": ""English Alphabet Cards \u21162"", ""shot_url"": ""https://cdn.dribbble.com/users/1026298/screenshots/2714011/media/6649c1f6b272b534211023ea8d88f788.png""}]"
Visual art / 3d / Motion design / Web design,"Matjaz Valentar, Founder of Webshocker, design studio. This is my work.","3d, 3d animation, 3d graphics, 3d modeling and rendering, graphic design, html, icon, mobile, motion design, motion graphics, ui, ux, web design",[]
"Product Design Agency: SaaS, B2B. UX/UI, Mobile & Web Design","During 7 years of work, we provide innovative Design solutions for funded Startups, technology SMEs, and Fortune 500 businesses. We are a caring partner for companies like Wordpress, Player`s Health, MYSO Finance. With more than $1B raised by our partners, we create well-received products by advisors, investors and users üöÄ","animation, brand identity, branding, design, digital design, graphic design, illustration, product design, service design, startups, ui, ui design, ux, ux design, ux strategy, web design","[{""title"": ""Super.cx - Web app"", ""shot_url"": ""https://cdn.dribbble.com/users/509287/screenshots/14569516/media/9d8281b33ee556343dfbd75ff8916b97.png""}, {""title"": ""Super.cx - Website"", ""shot_url"": ""https://cdn.dribbble.com/users/509287/screenshots/14562920/media/b7c9dea458b8e36fccf2aac201cd4cd9.png""}, {""title"": ""Bold Onboarding - Mobile app"", ""shot_url"": ""https://cdn.dribbble.com/users/509287/screenshots/14054008/bold_onboarding_-_mobile_app.png""}, {""title"": ""Bold - UI Style Guide"", ""shot_url"": ""https://cdn.dribbble.com/users/509287/screenshots/14013536/media/c7ebc6b7ba10bc6d60a0f8cda9819107.png""}, {""title"": ""Bold - Landing page"", ""shot_url"": ""https://cdn.dribbble.com/users/509287/screenshots/13972587/media/c33d2d1388d553aa688109872cc2e459.png""}, {""title"": ""Bold - Wireframes Mobile app"", ""shot_url"": ""https://cdn.dribbble.com/users/509287/screenshots/13873541/media/013b1cc9ec7841c5b156b38a40ecd0c3.png""}, {""title"": ""Bold - Mobile app"", ""shot_url"": ""https://cdn.dribbble.com/users/509287/screenshots/13626922/media/09568ee6e63ae05440689d9d4b38b92a.png""}, {""title"": ""Velonto Food Delivery - Client`s mobile app"", ""shot_url"": ""https://cdn.dribbble.com/users/509287/screenshots/12129797/01_velonto-mobile-app.png""}, {""title"": ""Velonto food delivery - Restaurant admin panel"", ""shot_url"": ""https://cdn.dribbble.com/users/509287/screenshots/11894653/media/2daffc3c6348f6c652f2c293a586612d.png""}, {""title"": ""Velonto Food Delivery - UI Styleguide"", ""shot_url"": ""https://cdn.dribbble.com/users/509287/screenshots/11648042/media/b249bea39915afdfad13e804dbb6346b.png""}, {""title"": ""Velonto Food Delivery - Rider mobile app"", ""shot_url"": ""https://cdn.dribbble.com/users/509287/screenshots/11501193/media/e0b75b40af2779cae5de42eff3b08c3f.png""}, {""title"": ""Velonto Food Delivery - Web app"", ""shot_url"": ""https://cdn.dribbble.com/users/509287/screenshots/11317450/media/77c40978a5de043cc8c15e483c848076.jpg""}, {""title"": ""Digital Agency Landing page Design"", ""shot_url"": ""https://cdn.dribbble.com/users/1615584/screenshots/14741825/media/9718404086141abb8e4a1199cfbd29dc.jpg""}, {""title"": ""Sofia \u2013 Hero Header Exploration"", ""shot_url"": ""https://cdn.dribbble.com/users/427857/screenshots/15017357/media/02f5ad461ebada017bde44f4f4c44e3b.png""}, {""title"": ""Super.cx - Web app"", ""shot_url"": ""https://cdn.dribbble.com/users/509287/screenshots/14569516/media/9d8281b33ee556343dfbd75ff8916b97.png""}, {""title"": ""Super.cx - Website"", ""shot_url"": ""https://cdn.dribbble.com/users/509287/screenshots/14562920/media/b7c9dea458b8e36fccf2aac201cd4cd9.png""}, {""title"": ""Fit3d - Landing page"", ""shot_url"": ""https://cdn.dribbble.com/users/509287/screenshots/14333991/media/6d29edbc7b03ba291c08b453a558b342.jpg""}, {""title"": ""Fit3d - Wireframes"", ""shot_url"": ""https://cdn.dribbble.com/users/509287/screenshots/14348346/media/2811214d7bda5244677e810ddacc41f1.png""}, {""title"": ""Lunchcrafters healthy food - Website"", ""shot_url"": ""https://cdn.dribbble.com/users/509287/screenshots/14175012/media/a02f3e1d038af593eee0f83c44361f6a.png""}, {""title"": ""Lunchcrafters healthy food - Web flow"", ""shot_url"": ""https://cdn.dribbble.com/users/509287/screenshots/14161498/media/a6d30b2ece397dd5ea1f639299c53f86.png""}, {""title"": ""Lunchcrafters healthy food - Landing page"", ""shot_url"": ""https://cdn.dribbble.com/users/509287/screenshots/14121132/media/931f402c3c05c61e4cca9f5aba495c62.jpg""}, {""title"": ""Bold - Landing page"", ""shot_url"": ""https://cdn.dribbble.com/users/509287/screenshots/13972587/media/c33d2d1388d553aa688109872cc2e459.png""}, {""title"": ""Velonto food delivery - Landing page"", ""shot_url"": ""https://cdn.dribbble.com/users/509287/screenshots/12111860/media/5a4c3c133cb8a02dbcfa5ba2976c0d07.png""}, {""title"": ""Velonto Food Delivery - Web app"", ""shot_url"": ""https://cdn.dribbble.com/users/509287/screenshots/11317450/media/77c40978a5de043cc8c15e483c848076.jpg""}, {""title"": ""Vinyl store - Web"", ""shot_url"": ""https://cdn.dribbble.com/users/509287/screenshots/4168565/vinyl_shop-single_item.png""}, {""title"": ""Super - Branding"", ""shot_url"": ""https://cdn.dribbble.com/users/509287/screenshots/14610372/media/547f8754340efe8e8cd40e77471e3fbb.png""}, {""title"": ""Lunchcrafters healthy food - Logo animation"", ""shot_url"": ""https://cdn.dribbble.com/users/509287/screenshots/14204248/lunchcrafters-healthy-food_logo-animation.png""}, {""title"": ""Lunchcrafters healthy food - Branding"", ""shot_url"": ""https://cdn.dribbble.com/users/509287/screenshots/14134272/media/3c4bdf8518e7cef5738d878c8f7cee94.png""}, {""title"": ""Bold App - Logo Animation"", ""shot_url"": ""https://cdn.dribbble.com/users/509287/screenshots/13934654/1-bold-logo.png""}, {""title"": ""Velonto Food Delivery - Branding"", ""shot_url"": ""https://cdn.dribbble.com/users/509287/screenshots/11417355/velonto_brand_book.png""}, {""title"": ""Arounda - Brand Identity"", ""shot_url"": ""https://cdn.dribbble.com/users/509287/screenshots/7897016/arounda_sound.png""}, {""title"": ""New project - Branding"", ""shot_url"": ""https://cdn.dribbble.com/users/509287/screenshots/4207526/velonto-branding.png""}, {""title"": ""Hippogive - Branding"", ""shot_url"": ""https://cdn.dribbble.com/users/509287/screenshots/3950232/hippogive_branding.png""}, {""title"": ""Tradey - Web App"", ""shot_url"": ""https://cdn.dribbble.com/users/509287/screenshots/4035227/07_800_600_b.jpg""}]"
Welcome to my design portfolio on Dribbble,"Freelance designer based in Leeds, UK","branding, illustration, logo, ui, ux, web design",[]
"Let us show your strengths... 
‚§µ","We engage digital experts to raise investments and enhance your team. We partner with the world's top companies to build transformative digital experiences, websites, and brands. #uxdesign","crm, ehr, emr, enterprise, enterprise software, enterprise ux, erp, finance, fintech, healthcare, software","[{""title"": ""Ai Camera"", ""shot_url"": ""https://cdn.dribbble.com/userupload/10821558/file/still-d13ca52e6fe4b83ebe229288bfd8133c.png""}, {""title"": ""Chromium - Full Case Study"", ""shot_url"": ""https://cdn.dribbble.com/userupload/7631926/file/still-7314fdbe3498fa7456cb71f1a1680c62.png""}, {""title"": ""\ud83e\udd58 iKitchen | AI Kitchen + Food recipes"", ""shot_url"": ""https://cdn.dribbble.com/userupload/4771825/file/original-4ce22fc0f2b70a84364c797f8e69266f.jpg""}]"
Design Lab,We design websitesand applications based ondigital expertise,"mobile, ui, ux, web design","[{""title"": ""Discover The Whole Galaxy | Samsung smartphones promo. Homepage"", ""shot_url"": ""https://cdn.dribbble.com/users/6222987/screenshots/16181717/1600_x264.png""}, {""title"": ""Corporate website Morgan Stanley redesion. Home"", ""shot_url"": ""https://cdn.dribbble.com/users/6222987/screenshots/16072224/1600_x264.png""}, {""title"": ""Brabus \u2014 website redesign. Luxury"", ""shot_url"": ""https://cdn.dribbble.com/users/6222987/screenshots/16014649/1600_x264.png""}, {""title"": ""Birdman \u2014 New Website. Home page"", ""shot_url"": ""https://cdn.dribbble.com/users/6222987/screenshots/15934776/1600_x264.png""}, {""title"": ""Red Velvet \u2014 K-Pop Band Website. Main"", ""shot_url"": ""https://cdn.dribbble.com/users/6222987/screenshots/15859362/1600_x264.png""}, {""title"": ""Muse. Tim Snider"", ""shot_url"": ""https://cdn.dribbble.com/users/6222987/screenshots/16123503/1600_x264.png""}, {""title"": ""MUSE. Events"", ""shot_url"": ""https://cdn.dribbble.com/users/6222987/screenshots/16036638/1600_x264.png""}, {""title"": ""MUSE. Giselle"", ""shot_url"": ""https://cdn.dribbble.com/users/6222987/screenshots/15874357/1600_x264.png""}, {""title"": ""MUSE. Main"", ""shot_url"": ""https://cdn.dribbble.com/users/6222987/screenshots/15833968/1600__x264.png""}]"
"Let's chat üòâ           
hire us: hey@piqo‚Ä¢studio","ü¶ö At Piqo we do Product Design, Motion Design, and Illustration design, as well as building popular products like Iconly and other design assets. üöÄ We‚Äôre happy to help you with any of your projects!","3d animation, 3d illustration, animation, branding, development, icon set, icondesign, interaction design, llustration, logo, mobile, product design, ui, ux, web design",[]
"Art director, Brand ID designer",Senior Brand Identity Designer. Logo specialist.,"brand strategy, branding  identity, logo, logo and branding","[{""title"": ""Puantilism # 2 Tokyo"", ""shot_url"": ""https://cdn.dribbble.com/users/32922/screenshots/14879307/media/11f41506b3ed20c7ecf48ac0a1c3e630.gif""}, {""title"": ""Toast Icon Animation \ud83e\udd6a"", ""shot_url"": ""https://cdn.dribbble.com/users/821809/screenshots/14201149/media/2742e19a14d52a319aebe516af4ab147.gif""}, {""title"": ""Geometric shapes"", ""shot_url"": ""https://cdn.dribbble.com/users/1944784/screenshots/8228959/global4.png""}, {""title"": ""Hello Dribble"", ""shot_url"": ""https://cdn.dribbble.com/users/1192310/screenshots/8173878/media/6cdec704a9354e35355e4af23b6557e1.gif""}, {""title"": ""Brainly Logo Animation"", ""shot_url"": ""https://cdn.dribbble.com/users/4059942/screenshots/8171915/brainly_logo_motion_dribbble.png""}, {""title"": ""Ain Studio Logo animation 1"", ""shot_url"": ""https://cdn.dribbble.com/users/1723450/screenshots/7918351/media/3191a320aa38679bf5d0fbc107d8fda3.gif""}, {""title"": ""Marea"", ""shot_url"": ""https://cdn.dribbble.com/users/3851841/screenshots/7034228/media/c2a755c7b6b6b88180aee6cdf3f19872.gif""}, {""title"": ""Nate Dodge"", ""shot_url"": ""https://cdn.dribbble.com/users/6043/screenshots/7010543/media/7bc9283dfa30a84bb63689e057bc31c3.gif""}, {""title"": ""Kinetic magnetic dot - Arrows"", ""shot_url"": ""https://cdn.dribbble.com/users/269936/screenshots/5730208/media/fd5ef27a7ff95a1a549b40721fcf840d.gif""}, {""title"": ""Van Gogh museum application"", ""shot_url"": ""https://cdn.dribbble.com/users/1744610/screenshots/5689566/van.png""}, {""title"": ""Logo Animation \u2013 Dong Yu"", ""shot_url"": ""https://cdn.dribbble.com/users/2675074/screenshots/5631623/media/66167f13489be18b5c532f73b6674c23.gif""}, {""title"": ""LEGEND QUEST - COMPOSITING PROGRESSION SEQUENCE -01"", ""shot_url"": ""https://cdn.dribbble.com/users/2153356/screenshots/5480496/media/9253c1d16af2d9d921fc72b73cecd853.gif""}, {""title"": ""Logo Animation"", ""shot_url"": ""https://cdn.dribbble.com/users/2439740/screenshots/5392288/media/46b0636849f8494686b3438b63187787.gif""}, {""title"": ""Logo Vadim Parker"", ""shot_url"": ""https://cdn.dribbble.com/users/2342627/screenshots/4939810/media/eb2d64bb6c41f58a3aece816a57c615d.gif""}, {""title"": ""Old LeBron/young LeBron"", ""shot_url"": ""https://cdn.dribbble.com/users/453654/screenshots/4914697/media/23598f64b847bb183ab44d2aa712ab79.gif""}, {""title"": ""Citrus Animation"", ""shot_url"": ""https://cdn.dribbble.com/users/2366161/screenshots/4914443/media/308cfc363aaee5e46b8730a27bda84ff.gif""}, {""title"": ""Friday GIF"", ""shot_url"": ""https://cdn.dribbble.com/users/2303362/screenshots/4791893/media/d3e0cf3f3ea8e4f48ec1887d1b9bfe2b.gif""}, {""title"": ""Animation for Powerupp app Onboard"", ""shot_url"": ""https://cdn.dribbble.com/users/2121936/screenshots/4788511/media/58e9f0f07b15eee99777389793cd0c80.gif""}, {""title"": ""Taxi software UI redesign"", ""shot_url"": ""https://cdn.dribbble.com/users/856520/screenshots/4782984/ceshi-_still_2x.gif""}, {""title"": ""Build Comet Loader"", ""shot_url"": ""https://cdn.dribbble.com/users/756462/screenshots/4767373/media/9ad7a75fa47efdbad2ad334b876e08f1.gif""}, {""title"": ""Let's go!"", ""shot_url"": ""https://cdn.dribbble.com/users/1851222/screenshots/4767662/media/a7998edaa67c6e2640916ff6a7621a06.gif""}, {""title"": ""Hello!"", ""shot_url"": ""https://cdn.dribbble.com/users/1605120/screenshots/4767877/media/c1c97fe6d18ae13b19e845a48eeac71f.gif""}, {""title"": ""Hello, Dribbble! \ud83c\udfc0"", ""shot_url"": ""https://cdn.dribbble.com/users/1153297/screenshots/4668511/media/421d6fb4dfb38ba0dda1f98055617081.gif""}, {""title"": ""Bouncy Bulb"", ""shot_url"": ""https://cdn.dribbble.com/users/397346/screenshots/4668678/media/38d27550fe235869ec8cfbc2ad0ce414.gif""}, {""title"": ""Reading Book"", ""shot_url"": ""https://cdn.dribbble.com/users/2285196/screenshots/14381801/media/8c160a5826fcdb6994aa3b0139478511.jpg""}, {""title"": ""Musical Shapes"", ""shot_url"": ""https://cdn.dribbble.com/users/6102461/screenshots/14271945/media/673eca3c00b430f2037f4e0853fc5eda.png""}, {""title"": ""Payment Screen"", ""shot_url"": ""https://cdn.dribbble.com/users/3739068/screenshots/14004123/media/d2237d5f68a420d4b3bd3752facd8052.png""}, {""title"": ""Snake & Orange"", ""shot_url"": ""https://cdn.dribbble.com/users/1166228/screenshots/13866254/media/963f3211fed35b28351343c913eba5e6.jpg""}, {""title"": ""MCE Logo proposal No2"", ""shot_url"": ""https://cdn.dribbble.com/users/5653201/screenshots/13866262/media/e9feee6801dcefc807a051a57b248193.jpg""}, {""title"": ""Abstract Art 10 - Shape and Colors"", ""shot_url"": ""https://cdn.dribbble.com/users/2501288/screenshots/13866322/media/13ed69891313c62b8baf89b5cf08a666.png""}, {""title"": ""Octopus"", ""shot_url"": ""https://cdn.dribbble.com/users/118779/screenshots/8745558/media/8fc46a7be4dc61110601ffbfb387f8e8.jpg""}, {""title"": ""Psychedelicious #1"", ""shot_url"": ""https://cdn.dribbble.com/users/4329877/screenshots/8215505/media/4a2aa3217a884447fb6c38c275a4c8a8.jpg""}, {""title"": ""Airbnb Icons 2"", ""shot_url"": ""https://cdn.dribbble.com/users/3123392/screenshots/8174227/media/ef45a2e93a6e2102907451e76bd69757.png""}, {""title"": ""Kitchen Trip"", ""shot_url"": ""https://cdn.dribbble.com/users/3987420/screenshots/7010419/media/4b46e546f121befd8a6aed8a5891664f.png""}, {""title"": ""Exploring the Great Outdoors"", ""shot_url"": ""https://cdn.dribbble.com/users/619735/screenshots/7010541/media/6fa20989f5a8002e44de563b03b3be54.png""}, {""title"": ""2.5D illustration"", ""shot_url"": ""https://cdn.dribbble.com/users/2486242/screenshots/6956784/media/f570b47d93cfb318d83f446795f4cdc1.png""}, {""title"": ""Keep It Reel"", ""shot_url"": ""https://cdn.dribbble.com/users/515677/screenshots/6936689/media/35e036742015b9832002f67cb99db703.jpg""}, {""title"": ""Sleeping Partner"", ""shot_url"": ""https://cdn.dribbble.com/users/300739/screenshots/6936755/media/224f8af8e3222f0e8ecccf168802727b.jpg""}, {""title"": ""Raccoons"", ""shot_url"": ""https://cdn.dribbble.com/users/300739/screenshots/6936758/media/bb4d69c868885b9ed2d4451692ca144b.jpg""}, {""title"": ""Guajira"", ""shot_url"": ""https://cdn.dribbble.com/users/957860/screenshots/6936626/media/60d42efe25c773bc27e90cc9b4cf9b04.png""}, {""title"": ""Save the  Earth"", ""shot_url"": ""https://cdn.dribbble.com/users/1194467/screenshots/6500660/dribbble_final.jpg""}, {""title"": ""Man of the Mountains"", ""shot_url"": ""https://cdn.dribbble.com/users/950593/screenshots/6061030/man_in_the_mountains.png""}, {""title"": ""Street Wear Nomads - bottom"", ""shot_url"": ""https://cdn.dribbble.com/users/3178293/screenshots/6000630/media/bffa5a9e675926129271c1db7eabe516.jpg""}, {""title"": ""What's bugging you?"", ""shot_url"": ""https://cdn.dribbble.com/users/90179/screenshots/5984555/media/eed2b36b73fc1cb0799374f25b200e07.jpg""}, {""title"": ""Red Bull"", ""shot_url"": ""https://cdn.dribbble.com/users/3165100/screenshots/5970547/media/3cd4e412d4a74a45a1176e858d3a942e.png""}, {""title"": ""Tranquility in the sunset"", ""shot_url"": ""https://cdn.dribbble.com/users/1178585/screenshots/5691883/___4x.png""}, {""title"": ""Swamp Dwellers"", ""shot_url"": ""https://cdn.dribbble.com/users/2857534/screenshots/5637751/media/85b30bbb8d302fd19834d78e029478c6.jpg""}, {""title"": ""Samurai at his Dojo"", ""shot_url"": ""https://cdn.dribbble.com/users/920585/screenshots/5349691/media/f15a79b846ed14c3f63958e7bb6ff9ce.jpg""}, {""title"": ""octopus"", ""shot_url"": ""https://cdn.dribbble.com/userupload/8534533/file/original-000264d536406e475f8e0edbae929076.png""}, {""title"": ""Musical Shapes"", ""shot_url"": ""https://cdn.dribbble.com/users/6102461/screenshots/14271945/media/673eca3c00b430f2037f4e0853fc5eda.png""}, {""title"": ""Logo"", ""shot_url"": ""https://cdn.dribbble.com/users/276778/screenshots/5975063/media/1582564c26bc921f807f4ff7808bd05c.png""}, {""title"": ""Aspef Accounting"", ""shot_url"": ""https://cdn.dribbble.com/users/1573517/screenshots/13866275/media/0697f7e01ae9693c1caf7faec644d34a.png""}, {""title"": ""CrabMen"", ""shot_url"": ""https://cdn.dribbble.com/users/334631/screenshots/13866345/media/0a10c5fe9690ee35b2fd77ca92f9626d.jpg""}, {""title"": ""Obsidian Aleworks"", ""shot_url"": ""https://cdn.dribbble.com/users/217182/screenshots/7604123/media/e7cbdadcf44784b76ed142e8acda3a8f.jpg""}, {""title"": ""Anita Campbell Branding"", ""shot_url"": ""https://cdn.dribbble.com/users/3981460/screenshots/7034256/media/b857f75e37c27d29928f2327a5240523.png""}, {""title"": ""Blackheart Barber Co."", ""shot_url"": ""https://cdn.dribbble.com/users/3892630/screenshots/6956764/media/a8a59be515300fb79d0edccb205d62dd.jpg""}, {""title"": ""Bird Logo"", ""shot_url"": ""https://cdn.dribbble.com/users/178191/screenshots/6953641/media/39c7e4e0d5285fb35b76e99e3a36328b.jpg""}, {""title"": ""Simplify Cbd"", ""shot_url"": ""https://cdn.dribbble.com/users/3061865/screenshots/6948967/media/4554c161f642642e5b6ddf164a70fb25.jpg""}, {""title"": ""Sovereign Gallery Logo Concept"", ""shot_url"": ""https://cdn.dribbble.com/users/933407/screenshots/6936855/sov1_4x.jpg""}, {""title"": ""Logotype for architect company"", ""shot_url"": ""https://cdn.dribbble.com/users/1754432/screenshots/5998956/media/063e8d306d05ccc95519a1f558e6f645.png""}, {""title"": ""Hi again!"", ""shot_url"": ""https://cdn.dribbble.com/users/2879331/screenshots/5637069/media/4ed608c64f397ffc9d7ab1f70c5dd9ba.png""}, {""title"": ""Paris hair stylist"", ""shot_url"": ""https://cdn.dribbble.com/users/1427540/screenshots/5634860/media/87df964077ba43291cd615e7debcadb6.png""}, {""title"": ""Hand"", ""shot_url"": ""https://cdn.dribbble.com/users/178539/screenshots/5481334/media/f91296a040b5d273ca2394e1be7d71a3.png""}, {""title"": ""bear & bird"", ""shot_url"": ""https://cdn.dribbble.com/users/925008/screenshots/5392209/media/69d8c2c1ea086d6ff050f06fc497913e.png""}, {""title"": ""Dolphin S"", ""shot_url"": ""https://cdn.dribbble.com/users/2038748/screenshots/5352350/media/d8d119208eae1f6d5819026e9ee50201.jpg""}, {""title"": ""Success Industrial Repair Logo"", ""shot_url"": ""https://cdn.dribbble.com/users/2446625/screenshots/5324717/media/41ccff2220ab20e015a081b39163f721.png""}, {""title"": ""Big Oak Tree Vintage Patch"", ""shot_url"": ""https://cdn.dribbble.com/users/1058390/screenshots/5323919/media/511243ed9414e494d887d7aff1f67c52.jpg""}, {""title"": ""Oysters & Co Logo"", ""shot_url"": ""https://cdn.dribbble.com/users/2523993/screenshots/5307004/media/ea2e423917ca45471369a5fabfcc45a6.jpg""}, {""title"": ""a pen & pencils  company logo"", ""shot_url"": ""https://cdn.dribbble.com/users/2395132/screenshots/4913821/media/00ee39d35cbe72f7987c6a40dff50652.png""}, {""title"": ""Coffee Power"", ""shot_url"": ""https://cdn.dribbble.com/users/961048/screenshots/4900816/media/4ca001d4a34cca1b983630441e817d3c.jpg""}, {""title"": ""Unused Concept"", ""shot_url"": ""https://cdn.dribbble.com/users/17903/screenshots/4813535/media/c43fb7a514fc6becdffa26e1407c26c5.jpg""}]"
"Vector lover & illustrator. Please hire me, pls.","Hi! I'm a graphic designer from Belgium, specializing in vector illustrations and asset making for motion design. If you like my work, please let me know!","50s, 60s, adobe illustrator, advertisement, digital, drawing, editorial, flat design, graphic design, illustrating, illustration, mid century modern, retrofuturism, spot, vector drawing, vector graphics","[{""title"": ""HELP"", ""shot_url"": ""https://cdn.dribbble.com/users/1933142/screenshots/6332340/image.png""}, {""title"": ""Bank Icons"", ""shot_url"": ""https://cdn.dribbble.com/users/144388/screenshots/6160742/bank-icons_still_2x.gif""}, {""title"": ""High Fiver"", ""shot_url"": ""https://cdn.dribbble.com/users/120724/screenshots/4655171/media/79ee4df2f7790108bf7e7fdae0190f87.jpg""}, {""title"": ""LVIM Bank / Crypto"", ""shot_url"": ""https://cdn.dribbble.com/users/13307/screenshots/4702906/blockchain_web_site_design.jpg""}, {""title"": ""Fisherman & Old Camper"", ""shot_url"": ""https://cdn.dribbble.com/users/330915/screenshots/3851131/media/df99a5f554aa039eac34b1f32347423b.jpg""}, {""title"": ""Fisherman & Old Camper"", ""shot_url"": ""https://cdn.dribbble.com/users/330915/screenshots/3851131/media/df99a5f554aa039eac34b1f32347423b.jpg""}, {""title"": ""Blade Runner 2049"", ""shot_url"": ""https://cdn.dribbble.com/users/121405/screenshots/4365161/br2049.png""}, {""title"": ""Safety Car \ud83c\udfce\ud83d\udca8"", ""shot_url"": ""https://cdn.dribbble.com/users/957216/screenshots/4363000/media/c722bb7602c7d56aadf1b328738454e6.gif""}, {""title"": ""We Are Hiring"", ""shot_url"": ""https://cdn.dribbble.com/users/283823/screenshots/4108640/media/04aedf037e26dc415f466eb415b02808.jpg""}, {""title"": ""Walkmania"", ""shot_url"": ""https://cdn.dribbble.com/users/13774/screenshots/3509893/media/12562ddb0311ca9b4ce2c93628f34309.jpg""}, {""title"": ""MARGE Comic Cover Illustrations"", ""shot_url"": ""https://cdn.dribbble.com/userupload/11159195/file/original-2a78b5752a261768306bb89a329ceeaa.png""}, {""title"": ""Space @ 45\u00b0 - Night"", ""shot_url"": ""https://cdn.dribbble.com/users/43762/screenshots/1438974/media/4f3c5b0aeca73424c733d95e84200913.gif""}, {""title"": ""Beach penguins"", ""shot_url"": ""https://cdn.dribbble.com/users/482851/screenshots/2422294/media/88f373e05f53a36a8f6785a937dd1740.jpg""}, {""title"": ""Pick 'n Mix"", ""shot_url"": ""https://cdn.dribbble.com/users/708041/screenshots/3224895/media/1b0c06ea3ed4d5b955c5f558cae98bf6.gif""}, {""title"": ""Chunky Cel BG"", ""shot_url"": ""https://cdn.dribbble.com/users/181527/screenshots/2588254/media/ad6c9dfbb88f44851abfb289cf93073d.gif""}, {""title"": ""Little Pinguin"", ""shot_url"": ""https://cdn.dribbble.com/users/1034529/screenshots/2592694/media/e5c049265e569a824770ca284ebd3b3d.gif""}, {""title"": ""Youtube Rewind"", ""shot_url"": ""https://cdn.dribbble.com/users/285475/screenshots/2405850/media/17c1a02b837516ff9d7e2f6d0d78f206.gif""}, {""title"": ""Ordinary forest magic"", ""shot_url"": ""https://cdn.dribbble.com/users/256781/screenshots/2269793/media/99d9990c29dff1dc7a7a7b0578d8ead7.gif""}, {""title"": ""Tech Talk Toe."", ""shot_url"": ""https://cdn.dribbble.com/users/419081/screenshots/2220411/media/801ca4db48ef0dea65b724cac2677d31.gif""}, {""title"": ""Miau Logo"", ""shot_url"": ""https://cdn.dribbble.com/users/371658/screenshots/2235917/media/097e37cb8010ad82eb1267c4bc0ae3de.jpg""}, {""title"": ""Sense of Summer"", ""shot_url"": ""https://cdn.dribbble.com/users/91583/screenshots/1417482/summer_dribbble.png""}, {""title"": ""Dog2"", ""shot_url"": ""https://cdn.dribbble.com/users/559/screenshots/286368/media/0fc844084833f4dbdd8950e41b1fb021.jpg""}, {""title"": ""Whale"", ""shot_url"": ""https://cdn.dribbble.com/users/559/screenshots/2210424/media/7d98185c608a496d8b691143e44acf5f.jpg""}]"
"Your strategy, design and technology partner.","We‚Äôre Fireart, your strategy, design & technology partner.","branding, design, development, gif animation, icon, illustration, javascript, mobile, motion graphics, node.js, product design, react native, react.js, ui, ux, web design","[{""title"": ""Create New Document Tab Bar"", ""shot_url"": ""https://cdn.dribbble.com/users/379146/screenshots/4957638/media/7792ab7beaf740e2f683dac18c45b8d9.gif""}, {""title"": ""BuddyBank Mobile App design: iOS Android ux ui designer"", ""shot_url"": ""https://cdn.dribbble.com/userupload/4262517/file/still-635689261472c8d11403fdfbb8d791d4.png""}, {""title"": ""Hotel Booking App"", ""shot_url"": ""https://cdn.dribbble.com/users/1997192/screenshots/14765030/media/ed2a4149da66ef1d5f9a55e39e1d4bf3.png""}, {""title"": ""Toy Shop App"", ""shot_url"": ""https://cdn.dribbble.com/users/1997192/screenshots/14730508/media/bbecc72ac870b48b86cc56717e8bae59.png""}, {""title"": ""Snapsound Homepage (In progress)"", ""shot_url"": ""https://cdn.dribbble.com/users/108/screenshots/7160309/media/96db7fa4c1312555ff5dbc2bea57a737.jpg""}, {""title"": ""Flying cafe"", ""shot_url"": ""https://cdn.dribbble.com/users/485324/screenshots/6582653/opengear_retail_3_still_2x.gif""}, {""title"": ""Chat \ud83d\udcac"", ""shot_url"": ""https://cdn.dribbble.com/users/774375/screenshots/3931775/shot.png""}, {""title"": ""InVision Studio - Bicycle shop concept for upcoming course"", ""shot_url"": ""https://cdn.dribbble.com/users/2261070/screenshots/4538729/media/338bd69f5f63f48bf02f1ca023072ca8.gif""}, {""title"": ""Photography Blog"", ""shot_url"": ""https://cdn.dribbble.com/users/121337/screenshots/3190255/photography-blog_still_2x.gif""}, {""title"": ""050 DailyUI \u2014 Job List"", ""shot_url"": ""https://cdn.dribbble.com/users/208967/screenshots/2581958/media/6eccdaae28eb98a247cda0cc2719a30d.gif""}, {""title"": ""CRM - Onboarding"", ""shot_url"": ""https://cdn.dribbble.com/users/207046/screenshots/2851692/d8.png""}, {""title"": ""Aircraft zoom interaction for travel app product by fantasy"", ""shot_url"": ""https://cdn.dribbble.com/users/1331/screenshots/2817989/media/5687bea37b7efbf3dc2f2d7549e97000.gif""}, {""title"": ""Animated scroll of Middle School app"", ""shot_url"": ""https://cdn.dribbble.com/users/525747/screenshots/2759821/scroll800-600_still_2x.gif""}, {""title"": ""Pricing #dailyui 01"", ""shot_url"": ""https://cdn.dribbble.com/users/787324/screenshots/2637308/media/93a39ae9e9f80a5b4cb70b12128f3946.jpg""}, {""title"": ""Day 004 - Credit Card Payment"", ""shot_url"": ""https://cdn.dribbble.com/users/3587/screenshots/2131063/dribbble_preview.jpg""}, {""title"": ""Sponseasy"", ""shot_url"": ""https://cdn.dribbble.com/users/57127/screenshots/2064043/deck3_still.gif""}, {""title"": ""WordPress Dashboard"", ""shot_url"": ""https://cdn.dribbble.com/users/135634/screenshots/2056289/open-uri20150510-11-q9b3wm""}, {""title"": ""UX Study: Plan Selection"", ""shot_url"": ""https://cdn.dribbble.com/users/10823/screenshots/2033279/media/1f53c3947d922aec93509a731ca4dd35.gif""}, {""title"": ""Subscription Steps"", ""shot_url"": ""https://cdn.dribbble.com/users/1247/screenshots/2024972/media/13167bb851d5af3b19599a89b7ad1e04.jpg""}, {""title"": ""Mixpanel Uber Ride Landing Page"", ""shot_url"": ""https://cdn.dribbble.com/users/44126/screenshots/1489806/media/e8aeab78ac4345deb2d1e2e46cf7630a.gif""}, {""title"": ""Muuto Designers Page"", ""shot_url"": ""https://cdn.dribbble.com/users/1133834/screenshots/6022323/muuto_designers.png""}, {""title"": ""Handbook"", ""shot_url"": ""https://cdn.dribbble.com/users/12516/screenshots/2091214/cover_2x.png""}, {""title"": ""Newsletter"", ""shot_url"": ""https://cdn.dribbble.com/users/144388/screenshots/1518379/input-newsletter-dribbble.png""}, {""title"": ""Newsletter/Email Design"", ""shot_url"": ""https://cdn.dribbble.com/users/2559/screenshots/1518120/montage.png""}, {""title"": ""Robust Security Measures for Modern Finance Companies 6"", ""shot_url"": ""https://cdn.dribbble.com/userupload/9735228/file/original-6f1e511f2478f3a072a201c5c145ffe8.png""}, {""title"": ""Financial Super App"", ""shot_url"": ""https://cdn.dribbble.com/users/7669886/screenshots/17312028/media/308c06696bb56e83d64c6109ebc45f71.png""}, {""title"": ""Swatches"", ""shot_url"": ""https://cdn.dribbble.com/users/541143/screenshots/5989004/art_1__converted_.png""}, {""title"": ""Cosmetic Landing page UX-UI Design"", ""shot_url"": ""https://cdn.dribbble.com/users/1615584/screenshots/14052001/media/7080c85e2df84dfcbf53c65d699e16e6.jpg""}, {""title"": ""Help Scout"", ""shot_url"": ""https://cdn.dribbble.com/users/8648/screenshots/2961939/hs_still_2x.gif""}, {""title"": ""Google Drive Redesign"", ""shot_url"": ""https://cdn.dribbble.com/users/594158/screenshots/2888360/2.jpg""}, {""title"": ""Developer Portal Illustrations"", ""shot_url"": ""https://cdn.dribbble.com/users/120724/screenshots/2863173/dev-portal-home-1.jpg""}, {""title"": ""Assembly"", ""shot_url"": ""https://cdn.dribbble.com/users/414899/screenshots/2682917/media/5016d5a0448e3249e7c856bac267b662.png""}, {""title"": ""Instaplus"", ""shot_url"": ""https://cdn.dribbble.com/users/279993/screenshots/2644692/instaplus.png""}, {""title"": ""PinMsg"", ""shot_url"": ""https://cdn.dribbble.com/users/107759/screenshots/1462414/media/cdd85e30e25553e56a00fde5a01095c4.gif""}]"
"Illustration, brand design and murals based in Spokane.",Currently taking on branding and illustration freelance projects. Specific experience with the music industry and restaurant/small business branding.,"album art, branding, custom lettering, design, illustration, poster design","[{""title"": ""Knitting Factory Rebrand - OOH"", ""shot_url"": ""https://cdn.dribbble.com/users/87960/screenshots/17641250/media/2ce29933319898d4bd91f379c359eb6e.jpg""}, {""title"": ""Knitting Factory Rebrand"", ""shot_url"": ""https://cdn.dribbble.com/users/87960/screenshots/17640438/media/20cf2f891182fd1b7794e739bea53217.jpg""}]"
Designer/ skateboarder available for freelance projects ‚Üì,Web en UI designer based in Belgium who loves skateboarding!Check out my Skillshare class: skl.sh/2h4JrWa,"branding, graphic design, illustration, interaction design, ui, ux, visual design, web design","[{""title"": ""[gif] Site header mechanics"", ""shot_url"": ""https://cdn.dribbble.com/users/4033/screenshots/894078/media/fe49dc8ccccab6592c68bf497607051a.gif""}, {""title"": ""Basket"", ""shot_url"": ""https://cdn.dribbble.com/users/637758/screenshots/6254758/basket_dribbble.png""}, {""title"": ""User Experience - Design Concept"", ""shot_url"": ""https://cdn.dribbble.com/users/1099792/screenshots/14161285/aesop.png""}, {""title"": ""eBook: Why your web or app is not selling"", ""shot_url"": ""https://cdn.dribbble.com/users/37144/screenshots/7981215/media/9da93dccd77220b55d40369487625628.png""}, {""title"": ""Happy birthday Pluto! \ud83d\udc3e\ud83c\udf82"", ""shot_url"": ""https://cdn.dribbble.com/users/634508/screenshots/7101274/pluto_birthday_dribbble_1.png""}, {""title"": ""Steamboat Willie"", ""shot_url"": ""https://cdn.dribbble.com/users/255/screenshots/6434227/sw_4x.png""}, {""title"": ""BASIC \u2014 MOVES\u00ae"", ""shot_url"": ""https://cdn.dribbble.com/users/161791/screenshots/6008966/basic__moves-intro.png""}, {""title"": ""Google Bottom Bar Navigation Pattern - Mobile UX Design"", ""shot_url"": ""https://cdn.dribbble.com/users/30252/screenshots/5925052/media/d3eb132ebf42a1e3281c21537851a1d7.gif""}, {""title"": ""Nike React BB Interactions"", ""shot_url"": ""https://cdn.dribbble.com/users/527354/screenshots/5875627/nike_bb_react_-_bestservedbold_dribbble_interactions.png""}, {""title"": ""Kickflip Wizard"", ""shot_url"": ""https://cdn.dribbble.com/users/285475/screenshots/5444359/media/4984325e048dddeb3958b406a64562bd.gif""}, {""title"": ""Human Interactions"", ""shot_url"": ""https://cdn.dribbble.com/users/527354/screenshots/5046361/human_ui_still_2x.gif""}, {""title"": ""Font Review Journal is Live!"", ""shot_url"": ""https://cdn.dribbble.com/users/22679/screenshots/3762566/media/1ba2564460e4092ebd049836de4eb72f.gif""}, {""title"": ""Pigeons absolutely smashing chips"", ""shot_url"": ""https://cdn.dribbble.com/users/769413/screenshots/3719981/media/39c77ba2492fb0a95c202de056ab27e7.gif""}, {""title"": ""User Experience Design at Fantasy"", ""shot_url"": ""https://cdn.dribbble.com/users/1331/screenshots/3693281/media/3529506a72652db67597aa45ac115151.jpg""}, {""title"": ""Type Pairings"", ""shot_url"": ""https://cdn.dribbble.com/users/241687/screenshots/3310455/type.png""}, {""title"": ""Tubik Studio | Vinny's Bakery Interactions"", ""shot_url"": ""https://cdn.dribbble.com/users/973926/screenshots/3222161/tubik_studio___vinny_s_bakery_still.gif""}, {""title"": ""Trivia \u2014 Serif Typeface"", ""shot_url"": ""https://cdn.dribbble.com/users/194964/screenshots/3220692/trivia-serif-shot.jpg""}, {""title"": ""Serif Combos"", ""shot_url"": ""https://cdn.dribbble.com/users/780072/screenshots/3116361/800_600_3.png""}, {""title"": ""What's on?"", ""shot_url"": ""https://cdn.dribbble.com/users/787686/screenshots/2534334/media/2c40deb637f8508bdbf32d3707f953e8.gif""}, {""title"": ""MBE Earth"", ""shot_url"": ""https://cdn.dribbble.com/users/121337/screenshots/2572438/media/065b7df4aed13ce36b4c6171dba1998e.gif""}, {""title"": ""Hard Lunch"", ""shot_url"": ""https://cdn.dribbble.com/users/989984/screenshots/2570702/media/8849403f032bd3d7707d6c8a4c2a0a73.gif""}, {""title"": ""Kick Push"", ""shot_url"": ""https://cdn.dribbble.com/users/285475/screenshots/2106950/media/ba9b2226b21a933e50ec23900726a9ad.gif""}, {""title"": ""Apple OSX Montauk"", ""shot_url"": ""https://cdn.dribbble.com/users/96387/screenshots/1521531/dribbble.png""}, {""title"": ""Let's Go Somewhere"", ""shot_url"": ""https://cdn.dribbble.com/users/388397/screenshots/2086499/media/70353f255013a126f5a98d42e8dee1a4.png""}, {""title"": ""Going for a Spin"", ""shot_url"": ""https://cdn.dribbble.com/users/400493/screenshots/1697984/media/1a27166e3becc1ec849613bc9885217f.gif""}, {""title"": ""Sketch & Mockup"", ""shot_url"": ""https://cdn.dribbble.com/users/11041/screenshots/727986/media/5ca372fef7bebeec2180e2bc609f3f7d.png""}, {""title"": ""Wireframe.co"", ""shot_url"": ""https://cdn.dribbble.com/users/536/screenshots/517564/media/f96937245292ff697c8cb7fc90e746ec.png""}, {""title"": ""How I wireframe/sketch Mac Apps..."", ""shot_url"": ""https://cdn.dribbble.com/users/14827/screenshots/666751/media/47c2a7bee70b2791cbcf1c8ddd31e2b0.jpg""}, {""title"": ""Blueprint / Wireframe"", ""shot_url"": ""https://cdn.dribbble.com/users/1641/screenshots/716085/media/49800e6241202e04f6e6f8be0eb3db95.gif""}, {""title"": ""Process Testing - Blueprints"", ""shot_url"": ""https://cdn.dribbble.com/users/565/screenshots/728389/media/958b563bd7c3d9c6b5f77bb458dfa773.jpg""}, {""title"": ""how I design for mobile..."", ""shot_url"": ""https://cdn.dribbble.com/users/14827/screenshots/453414/media/57632694b77c9451a45beac2168342d3.png""}, {""title"": ""iPhone 5 Grid"", ""shot_url"": ""https://cdn.dribbble.com/users/14268/screenshots/865767/iphone5grid.png""}, {""title"": ""Social Network - UI UX"", ""shot_url"": ""https://cdn.dribbble.com/users/5527/screenshots/820721/dribbble_2x.png""}, {""title"": ""Paper Gift Box Mockup"", ""shot_url"": ""https://cdn.dribbble.com/users/504740/screenshots/8287403/media/662af339cfd87c39fb5d91766590fa6d.jpg""}, {""title"": ""300 Free Icons From Those Icons"", ""shot_url"": ""https://cdn.dribbble.com/users/887237/screenshots/3315732/media/6083b5ff5a69463687a44dd4a3da59f7.png""}, {""title"": ""iPhone 7 Mockup"", ""shot_url"": ""https://cdn.dribbble.com/users/25514/screenshots/2973423/media/595ad110b94eceee1aaddf48cce39b00.png""}, {""title"": ""54 Free e-commerce icons"", ""shot_url"": ""https://cdn.dribbble.com/users/124059/screenshots/1791904/shopping-icons3.png""}, {""title"": ""Free Wood Vector Pattern"", ""shot_url"": ""https://cdn.dribbble.com/users/60266/screenshots/1900829/open-uri20150127-11-19u5j1f""}, {""title"": ""Kelson free font"", ""shot_url"": ""https://cdn.dribbble.com/users/1935/screenshots/900974/kel.jpg""}, {""title"": ""Free Printable iPhone 5, iPhone 5s, and iPhone 5c Templates"", ""shot_url"": ""https://cdn.dribbble.com/users/12721/screenshots/728257/dribble-preview.jpg""}, {""title"": ""iPhone 5 Freebie"", ""shot_url"": ""https://cdn.dribbble.com/users/43046/screenshots/727359/iphone-dribbble-shot.png""}, {""title"": ""IPhone wood Ui(PSD Freebie)"", ""shot_url"": ""https://cdn.dribbble.com/users/124059/screenshots/719904/400.png""}, {""title"": ""Clock (PSD freebie)"", ""shot_url"": ""https://cdn.dribbble.com/users/124059/screenshots/668225/400.png""}, {""title"": ""Another iPhone5 Template (Final)"", ""shot_url"": ""https://cdn.dribbble.com/users/107759/screenshots/797332/media/8eec781f1b41cb55b837282db7c56df5.png""}]"
......,logo ‚Ä¢ branding ‚Ä¢ identity ‚Ä¢ illustrations,"branding, icon, illustration, logo, typography","[{""title"": ""The Caregiver"", ""shot_url"": ""https://cdn.dribbble.com/users/158441/screenshots/2743096/media/a7478919cbcbfa35bdb2fa23f5a28908.jpg""}, {""title"": ""The Odyssey"", ""shot_url"": ""https://cdn.dribbble.com/userupload/2712538/file/original-efbc22f5e34e7b46a748937acc8f9c00.jpg""}, {""title"": ""Tsang"", ""shot_url"": ""https://cdn.dribbble.com/users/22069/screenshots/424073/media/6ddc5b1e1ab16719c68ee12ca8b567df.jpg""}, {""title"": ""Buffalo"", ""shot_url"": ""https://cdn.dribbble.com/users/31528/screenshots/750437/media/9d7ab848acaa3db4c0e1603fba736b33.jpg""}, {""title"": ""Kittens"", ""shot_url"": ""https://cdn.dribbble.com/users/132576/screenshots/617278/media/da398b19f67c712fe4c89838576c1ba7.jpg""}, {""title"": ""Sparrow"", ""shot_url"": ""https://cdn.dribbble.com/users/4647/screenshots/565059/drib.jpg""}, {""title"": ""Steampunk Icons"", ""shot_url"": ""https://cdn.dribbble.com/users/69233/screenshots/341742/media/b3731754938118096d3b72339f86cf7d.png""}, {""title"": ""Icons"", ""shot_url"": ""https://cdn.dribbble.com/users/62888/screenshots/500754/media/fe8025b8237f32d5e5c7809a7767c24f.jpg""}, {""title"": ""Oxblood"", ""shot_url"": ""https://cdn.dribbble.com/users/22876/screenshots/1152013/media/2243e0cf1652a3a19d12be1624b4b1ab.jpg""}, {""title"": ""Coat Of Arms: ME \u2022 US \u2022 HER"", ""shot_url"": ""https://cdn.dribbble.com/users/56024/screenshots/1094921/media/95abeb0dce134c1a19d9eb1a2d05d952.jpg""}, {""title"": ""PSO Monogram"", ""shot_url"": ""https://cdn.dribbble.com/users/42095/screenshots/983792/media/eefaf179c3a8bfcc07f1e544d81d4d18.png""}, {""title"": ""The Cabin"", ""shot_url"": ""https://cdn.dribbble.com/users/11587/screenshots/166196/media/e53d088bbf56ab3972a826d8e241dbb5.jpg""}, {""title"": ""PRS 10 Year Crest Pt4"", ""shot_url"": ""https://cdn.dribbble.com/users/2738/screenshots/391746/media/b9e4b7a749df2a35df6b8adec968c933.jpg""}, {""title"": ""Horned Frog"", ""shot_url"": ""https://cdn.dribbble.com/users/59100/screenshots/2089098/media/935c191868db66ddaff09ba28a845c0e.jpg""}, {""title"": ""enot"", ""shot_url"": ""https://cdn.dribbble.com/users/284700/screenshots/1702124/media/22c9ef26c3d4ddb8a046e0c07d0bf32b.jpg""}, {""title"": ""Whale"", ""shot_url"": ""https://cdn.dribbble.com/users/360140/screenshots/1415127/media/04fa205dd5d0dec045cac29441e22d9a.jpg""}, {""title"": ""The Water Bear"", ""shot_url"": ""https://cdn.dribbble.com/users/6084/screenshots/1112876/waterbeardribble.png""}, {""title"": ""The Black Keys - Canada 07.[04/05/06].2013."", ""shot_url"": ""https://cdn.dribbble.com/users/44084/screenshots/1143501/silkscreen-the_black_keys-2013_07_04-6-17.png""}, {""title"": ""Birdie"", ""shot_url"": ""https://cdn.dribbble.com/users/85760/screenshots/912406/media/08af8559280da2358d04174b4a78d01c.jpg""}, {""title"": ""Pisces"", ""shot_url"": ""https://cdn.dribbble.com/users/58356/screenshots/812362/shot_fish_bigger.jpg""}, {""title"": ""Chaps!"", ""shot_url"": ""https://cdn.dribbble.com/users/13307/screenshots/798589/characters.jpg""}, {""title"": ""Kittens"", ""shot_url"": ""https://cdn.dribbble.com/users/132576/screenshots/617278/media/da398b19f67c712fe4c89838576c1ba7.jpg""}, {""title"": ""Squid Moth"", ""shot_url"": ""https://cdn.dribbble.com/users/140564/screenshots/644298/media/ee9dc1943878534ec9b244cad276c331.jpg""}, {""title"": ""*VITAMIN BOMB*"", ""shot_url"": ""https://cdn.dribbble.com/users/78065/screenshots/631242/media/468ff679681d6667136e0b7fe1840d11.jpg""}, {""title"": ""Odin | Animal Gods [B]"", ""shot_url"": ""https://cdn.dribbble.com/users/32658/screenshots/593509/media/45950c57e31f4e2887d0eda4b42625ca.jpg""}, {""title"": ""Owl"", ""shot_url"": ""https://cdn.dribbble.com/users/86597/screenshots/545175/media/ad75a8ae199cdebc9ba6c40aacbcd6fc.gif""}, {""title"": ""Apple explosion"", ""shot_url"": ""https://cdn.dribbble.com/users/78065/screenshots/553916/media/055e67e308a01a32bd77cdd5015ae890.jpg""}, {""title"": ""In Progress2"", ""shot_url"": ""https://cdn.dribbble.com/users/43012/screenshots/202728/media/1609c058fcc8963468295e864ff9ac78.jpg""}, {""title"": ""Whale Pilot album illustration"", ""shot_url"": ""https://cdn.dribbble.com/users/148104/screenshots/565179/media/39941689161839114ec8588cc376e84d.jpg""}, {""title"": ""Swanson's Hand-Carved Flutes"", ""shot_url"": ""https://cdn.dribbble.com/users/6160/screenshots/369398/dribbs.jpg""}, {""title"": ""Polar Beer"", ""shot_url"": ""https://cdn.dribbble.com/users/1852/screenshots/19160/media/684f6ea458c4b489166a5d55475fa358.jpg""}, {""title"": ""iOS Icon Sketch"", ""shot_url"": ""https://cdn.dribbble.com/users/107759/screenshots/527305/media/005d73f7d79b45e8a9c98d4650b506d5.png""}, {""title"": ""Wherever The Wind Blows"", ""shot_url"": ""https://cdn.dribbble.com/users/44967/screenshots/391595/media/6643a0d2d31cf110e5e495b96f75cde5.jpg""}, {""title"": ""Owl Wow Aw"", ""shot_url"": ""https://cdn.dribbble.com/users/44967/screenshots/281365/media/0ae0f88da9558c572ae9d7d4a252d4ab.jpg""}, {""title"": ""Portlandia Mixology Poster"", ""shot_url"": ""https://cdn.dribbble.com/users/31348/screenshots/394115/media/f1b8cb2e63a69914795997e6b26a3f40.jpg""}, {""title"": ""Otter Travel Totem"", ""shot_url"": ""https://cdn.dribbble.com/users/5965/screenshots/362129/otter__travel_totem_2.jpg""}, {""title"": ""Passing the Light"", ""shot_url"": ""https://cdn.dribbble.com/users/132576/screenshots/525928/media/b8d448aea64c84c4a7f4b69bd30e1f14.jpg""}, {""title"": ""Durango Emblem On Grill"", ""shot_url"": ""https://cdn.dribbble.com/users/10888/screenshots/1622661/durango-emblem-on-grill.jpg""}, {""title"": ""The Letter A"", ""shot_url"": ""https://cdn.dribbble.com/users/28002/screenshots/630220/media/fe1c7fdbd26933698a763a8f72356538.jpg""}, {""title"": ""Fancy Type"", ""shot_url"": ""https://cdn.dribbble.com/users/71213/screenshots/663994/media/a73fc342c10bfec298d5dc5070a9de81.jpg""}, {""title"": ""Rasp"", ""shot_url"": ""https://cdn.dribbble.com/users/101659/screenshots/666610/media/c07fb241c8f53ecd7591be127c27b4e5.jpg""}, {""title"": ""return to life"", ""shot_url"": ""https://cdn.dribbble.com/users/14268/screenshots/641301/return.png""}, {""title"": ""One37"", ""shot_url"": ""https://cdn.dribbble.com/users/101659/screenshots/634087/media/932627b8c4df407c09b09a30c840920b.jpg""}, {""title"": ""TwoSolid"", ""shot_url"": ""https://cdn.dribbble.com/users/14268/screenshots/567217/media/2f6c9796ebd51d5a0acaac8d6a332bbf.jpg""}, {""title"": ""Singing In The Rain ..."", ""shot_url"": ""https://cdn.dribbble.com/users/14765/screenshots/531942/media/c84a7f402b60ed18445df38248b83f70.png""}, {""title"": ""Letters"", ""shot_url"": ""https://cdn.dribbble.com/users/55908/screenshots/463787/media/a0ba95e1e814d5d595b86c398a434ec9.jpg""}, {""title"": ""Tierney"", ""shot_url"": ""https://cdn.dribbble.com/users/24465/screenshots/517367/tierney_dribbble.jpg""}, {""title"": ""New York skateboard"", ""shot_url"": ""https://cdn.dribbble.com/users/22122/screenshots/290145/media/29bc44845f661ba73a255f6c216802a6.jpg""}, {""title"": ""David Michael Originals"", ""shot_url"": ""https://cdn.dribbble.com/users/44134/screenshots/403245/dm4.jpg""}, {""title"": ""Dante"", ""shot_url"": ""https://cdn.dribbble.com/users/46089/screenshots/3822096/media/96f63194cb67e76116f3acd8adeebdb5.jpg""}, {""title"": ""Fire [ gif ]"", ""shot_url"": ""https://cdn.dribbble.com/users/23375/screenshots/1315230/media/40abb0adb4bd38c8023ec68761398771.gif""}, {""title"": ""Golden Bass Roadhouse - Fantasy Vintage Logo"", ""shot_url"": ""https://cdn.dribbble.com/users/188303/screenshots/829843/media/5b5a17687c7c18392108222eb76d8a54.png""}, {""title"": ""Buffalo"", ""shot_url"": ""https://cdn.dribbble.com/users/31528/screenshots/750437/media/9d7ab848acaa3db4c0e1603fba736b33.jpg""}, {""title"": ""Chaps!"", ""shot_url"": ""https://cdn.dribbble.com/users/13307/screenshots/798589/characters.jpg""}, {""title"": ""Cat Illustration"", ""shot_url"": ""https://cdn.dribbble.com/users/202540/screenshots/795963/media/98f4ea9ab41333008715d048b5bba55d.jpg""}, {""title"": ""Geodesic G II"", ""shot_url"": ""https://cdn.dribbble.com/users/32173/screenshots/528254/media/33735183971efec8d9745f522a5476dd.jpg""}, {""title"": ""Sparrow"", ""shot_url"": ""https://cdn.dribbble.com/users/4647/screenshots/565059/drib.jpg""}, {""title"": ""Rumpali"", ""shot_url"": ""https://cdn.dribbble.com/users/86597/screenshots/675747/media/830c083903a2f6b0bd8513f55f42020b.png""}, {""title"": ""Logo Design - The Cerberus Project"", ""shot_url"": ""https://cdn.dribbble.com/users/107759/screenshots/619548/cerberus-shot.png""}, {""title"": ""Sssnakes pt.II"", ""shot_url"": ""https://cdn.dribbble.com/users/59947/screenshots/654824/media/1d9a5f84923119ae99e632e5fb05c8f8.jpg""}, {""title"": ""Icubus"", ""shot_url"": ""https://cdn.dribbble.com/users/75435/screenshots/567800/media/7f8d59432153f98150253a67af81e482.jpg""}, {""title"": ""Python Exercise Process"", ""shot_url"": ""https://cdn.dribbble.com/users/13604/screenshots/572793/media/c815adf9909613556733df8ee1d8e7ab.png""}, {""title"": ""Silverback Logo concept"", ""shot_url"": ""https://cdn.dribbble.com/users/13604/screenshots/567712/media/bad66fd1937d5e76c5c0247eebd34055.png""}, {""title"": ""The 7th Scroll"", ""shot_url"": ""https://cdn.dribbble.com/users/11591/screenshots/488260/media/14d79c95cec21e896cbc3c9fc840fe74.jpg""}, {""title"": ""konstriktor logo"", ""shot_url"": ""https://cdn.dribbble.com/users/85760/screenshots/433546/media/f1e03819eb40b1c5dfe0a174f91edf18.jpg""}, {""title"": ""FWBT_ 4"", ""shot_url"": ""https://cdn.dribbble.com/users/11591/screenshots/348794/media/23f28f95bb6a9a38e11fdadc82bfe262.jpg""}, {""title"": ""The Ride"", ""shot_url"": ""https://cdn.dribbble.com/users/22136/screenshots/524323/media/540eb939daad4bb5044d17c2c5aa1947.jpg""}, {""title"": ""Polar Fort"", ""shot_url"": ""https://cdn.dribbble.com/users/42448/screenshots/520492/media/9a5b1d1a7b41b2a6ac7e5cbc6c5fb48e.jpg""}, {""title"": ""Printguru v.3"", ""shot_url"": ""https://cdn.dribbble.com/users/35951/screenshots/494549/media/fa542e44165450dccfdf3cb821b42be3.jpg""}, {""title"": ""SILVERSTONE"", ""shot_url"": ""https://cdn.dribbble.com/users/120928/screenshots/485520/media/95d6092aad7147e5c5b35c3435bf6da1.png""}, {""title"": ""Davis Memorial Presbyterian Church Logo"", ""shot_url"": ""https://cdn.dribbble.com/users/2097/screenshots/410070/media/90645e270a4f4dfe3057047ca611a47c.jpg""}, {""title"": ""JS mark"", ""shot_url"": ""https://cdn.dribbble.com/users/67172/screenshots/477496/media/85ed017d4cc81a7f566a230d4304049e.jpg""}, {""title"": ""Backflipping Bear Whaaa"", ""shot_url"": ""https://cdn.dribbble.com/users/1960/screenshots/399594/media/bf94ce5eaa0f7081ba1c10b7109a9030.jpg""}]"
Creative studio,"Design studio specialising in illustration, icons, digital painting, typography & animation","animation, design, digital painting, icon, illustration, infographic design, lettering, typography",[]
Dedicated Design Team For Startups & Leading Brands.,"Full-Service Design Agency. We make complex applications simple for users. Our designers would be happy to implement your ideas in smooth UI and meaningful UX. Also, we do Branding & 3D Design.","3d graphics, branding, ui, ux",[]
,Illustrator ‚Ä¢ Art director ‚Ä¢  Multidisciplinary designer,"adobe after effects, adobe illustrator, adobe photoshop, animation, graphic design, illustration, lettering, motion design, motion graphics, vector art","[{""title"": ""Nature"", ""shot_url"": ""https://cdn.dribbble.com/users/17243/screenshots/11284551/nature.png""}, {""title"": ""Class Assigment App"", ""shot_url"": ""https://cdn.dribbble.com/users/4633613/screenshots/9252195/media/a1b361a7c18e66798d7d3d099ca413d4.jpg""}, {""title"": ""Random player"", ""shot_url"": ""https://cdn.dribbble.com/users/6061337/screenshots/14248287/media/81b7349b126d92ea3f143ae720f757d7.png""}, {""title"": ""Ladder - Dark Mode"", ""shot_url"": ""https://cdn.dribbble.com/users/1253590/screenshots/9240685/media/f83993e0129b5f69fcc4c66fe64eac19.png""}, {""title"": ""\u2600\ufe0f Light Mode \u2600\ufe0f Simple Music Player"", ""shot_url"": ""https://cdn.dribbble.com/users/1615730/screenshots/9517002/media/79fb15de67e7ca9c8eccacf1523e3a9c.png""}, {""title"": ""Room Rental App"", ""shot_url"": ""https://cdn.dribbble.com/users/1615730/screenshots/9245436/media/50442df6cb8b332509473546a5a213cc.png""}, {""title"": ""Ladder - App of Meditation"", ""shot_url"": ""https://cdn.dribbble.com/users/1253590/screenshots/9222363/media/cb4a4f1ce542835ed3c84e04519d27be.png""}, {""title"": ""Mobile App - Tetris"", ""shot_url"": ""https://cdn.dribbble.com/users/702789/screenshots/10472068/media/ffd764214d1a8d8dbdfcc7c379fc5d10.png""}, {""title"": ""Mobile App - Gor"", ""shot_url"": ""https://cdn.dribbble.com/users/702789/screenshots/11032980/media/ab8339e09bdd2f68512e1019538cc25f.png""}, {""title"": ""MetroPulse Metronome"", ""shot_url"": ""https://cdn.dribbble.com/users/45787/screenshots/14629946/media/1b3df72c3ddc896d73d2ad51622b89e9.png""}, {""title"": ""Mobile App - Happify"", ""shot_url"": ""https://cdn.dribbble.com/users/702789/screenshots/8851797/media/e7bd97f6d597c63de209a7fd4d29bd42.png""}, {""title"": ""Old Bull"", ""shot_url"": ""https://cdn.dribbble.com/users/3518/screenshots/471934/media/6e5ad259203023aa608a5478fc45d2b4.jpg""}, {""title"": ""Bull"", ""shot_url"": ""https://cdn.dribbble.com/users/448511/screenshots/2638832/bull.jpg""}, {""title"": ""Bully Nibbler"", ""shot_url"": ""https://cdn.dribbble.com/users/1037487/screenshots/4690906/media/a8c422b0c8fd9d21aea243787221b865.jpg""}, {""title"": ""Spain"", ""shot_url"": ""https://cdn.dribbble.com/users/8357/screenshots/4372340/media/ddef95a091e3e3952ed110acfe01a678.jpg""}, {""title"": ""Raging Bull"", ""shot_url"": ""https://cdn.dribbble.com/users/383120/screenshots/13993467/media/8056b2301546ba970498b4407cb21f11.png""}, {""title"": ""The Bull"", ""shot_url"": ""https://cdn.dribbble.com/users/1728536/screenshots/7128609/media/8fe5ffe25898a8424745686c64aaf918.png""}, {""title"": ""Having some fuN"", ""shot_url"": ""https://cdn.dribbble.com/users/1001153/screenshots/3386399/media/0981cc76ce7bc387874ff2ac258c6d5a.gif""}, {""title"": ""Divide & Conquer"", ""shot_url"": ""https://cdn.dribbble.com/users/1150751/screenshots/3852156/media/43f0e66e648f7fb3e313342ab1b7c0a0.gif""}, {""title"": ""Superficial  #3"", ""shot_url"": ""https://cdn.dribbble.com/users/1101837/screenshots/3841227/media/e391832ce555478a39037d3d6d155e67.gif""}, {""title"": ""Shapes!"", ""shot_url"": ""https://cdn.dribbble.com/users/1986213/screenshots/9631275/media/7647627e7e6d90256167cb38216da0aa.gif""}, {""title"": ""Shapes & Patterns"", ""shot_url"": ""https://cdn.dribbble.com/users/187497/screenshots/3361593/media/032b5744ba1874b1d80e778a53a833cf.gif""}, {""title"": ""Shape Challenge"", ""shot_url"": ""https://cdn.dribbble.com/users/975463/screenshots/3880732/media/ffb16d49570f287c5650c493dde7dbe7.gif""}, {""title"": ""Moving shapes"", ""shot_url"": ""https://cdn.dribbble.com/users/1633097/screenshots/7145451/shapes_4.png""}, {""title"": ""Daily UI Challenge #059 - Background Pattern"", ""shot_url"": ""https://cdn.dribbble.com/users/1953501/screenshots/6767836/output_still_2x.gif""}, {""title"": ""Landing Page Animation"", ""shot_url"": ""https://cdn.dribbble.com/users/2624087/screenshots/9960218/site.png""}, {""title"": ""Balancing Act"", ""shot_url"": ""https://cdn.dribbble.com/users/298384/screenshots/7021607/media/1efb22c31d023633021d6dd49ae835e1.gif""}, {""title"": ""Geometric Loop"", ""shot_url"": ""https://cdn.dribbble.com/users/1104230/screenshots/6998381/geometricloopv2_still_2x.gif""}, {""title"": ""Sinking"", ""shot_url"": ""https://cdn.dribbble.com/users/832254/screenshots/6014045/media/8eb6f3a19ee333e0ab97bf361cd087f3.gif""}, {""title"": ""Dribbble in motion"", ""shot_url"": ""https://cdn.dribbble.com/users/232604/screenshots/3447006/media/eba995466b2f6f33ca251f1975f051e7.gif""}, {""title"": ""Back to the shapes"", ""shot_url"": ""https://cdn.dribbble.com/users/1552802/screenshots/6006417/media/0ab369ea1b7da849b4a12a3676925ea8.gif""}, {""title"": ""\u10d3 - 33 Animated Georgian Types"", ""shot_url"": ""https://cdn.dribbble.com/users/302252/screenshots/5309782/800x600_1_still_2x.gif""}, {""title"": ""Shape animation"", ""shot_url"": ""https://cdn.dribbble.com/users/262026/screenshots/6147074/media/5a55633ce5b49566e053f040405f4bb0.gif""}, {""title"": ""FITC WebU \u2014 Shapes exploration"", ""shot_url"": ""https://cdn.dribbble.com/users/166411/screenshots/7385077/media/be743be3d90efd4720fd05ce7704f715.gif""}, {""title"": ""FITC WebU \u2014 Shape Exploration"", ""shot_url"": ""https://cdn.dribbble.com/users/166411/screenshots/7385039/media/d183691f54a61fd7ee5d7230ea600e0a.gif""}, {""title"": ""Shape Animation 01"", ""shot_url"": ""https://cdn.dribbble.com/users/601257/screenshots/6643329/dribbble-shape_still_2x.gif""}, {""title"": ""Day Dreaming"", ""shot_url"": ""https://cdn.dribbble.com/users/1229964/screenshots/14735851/media/0c0bb60606e0babbe353c2b8f0aa2502.gif""}, {""title"": ""\ud83d\udc41\ufe0f"", ""shot_url"": ""https://cdn.dribbble.com/users/59100/screenshots/13968489/media/15bef85c37eb3ea3be05051961e3c40d.jpg""}, {""title"": ""Eyes in the mountains"", ""shot_url"": ""https://cdn.dribbble.com/users/2886956/screenshots/9974381/media/fe8aaf96a9b5af239ad86f888c168952.jpg""}, {""title"": ""EYE ON YOU"", ""shot_url"": ""https://cdn.dribbble.com/users/1765653/screenshots/9592696/media/655c472d14c9aa3c75b5042cdd3da9d7.jpg""}, {""title"": ""Tasty pictures)"", ""shot_url"": ""https://cdn.dribbble.com/users/2824530/screenshots/5727994/media/88fad10c69741125e4c7fa34f758887c.jpg""}, {""title"": ""Poster_013 | KC\u2122"", ""shot_url"": ""https://cdn.dribbble.com/users/1981575/screenshots/12694621/media/4d56573505f02ca1250f8ad592c6eb5c.jpg""}, {""title"": ""Cheggit out"", ""shot_url"": ""https://cdn.dribbble.com/users/720114/screenshots/5187551/media/25a51f754a101665174092d8c26b9165.gif""}, {""title"": ""Eyes on the Prize"", ""shot_url"": ""https://cdn.dribbble.com/users/422904/screenshots/6339652/prize_gif_drib_still_2x.gif""}, {""title"": ""the Blue Eye"", ""shot_url"": ""https://cdn.dribbble.com/users/495523/screenshots/6646279/daily_20190616-2_4x.png""}, {""title"": ""Eyes Wide Open - Component 1"", ""shot_url"": ""https://cdn.dribbble.com/users/684196/screenshots/8006148/media/84a15c539807e8c20e5e40f5b391778e.png""}, {""title"": ""Black-Eyed Susans \ud83c\udf3c\ud83d\udc40\ud83c\udf3c"", ""shot_url"": ""https://cdn.dribbble.com/users/716122/screenshots/6548972/susan_4x.png""}, {""title"": ""Eyes"", ""shot_url"": ""https://cdn.dribbble.com/users/625592/screenshots/10995250/media/dfc86dd9cb1285639a4d17cb3cf97a42.png""}, {""title"": ""Future"", ""shot_url"": ""https://cdn.dribbble.com/users/5044230/screenshots/10857930/media/956a13418d51cb995f04ac4c904c80a9.png""}, {""title"": ""Bando Color Week"", ""shot_url"": ""https://cdn.dribbble.com/users/726805/screenshots/6465402/untitled_artwork_15_4x.jpg""}, {""title"": ""Wise Cat with opened third eye"", ""shot_url"": ""https://cdn.dribbble.com/users/3437948/screenshots/7168330/media/8ce6b502084786327843608a0df5e09a.jpg""}, {""title"": ""Always Watching"", ""shot_url"": ""https://cdn.dribbble.com/users/1071072/screenshots/5450586/media/7edd3dbc0bcedbd0483da9a571b65b60.png""}, {""title"": ""Paranoid"", ""shot_url"": ""https://cdn.dribbble.com/users/1581501/screenshots/10745643/media/a746743645b70ca625fc959996fa45b5.png""}, {""title"": ""Eyes Out"", ""shot_url"": ""https://cdn.dribbble.com/users/1733592/screenshots/11437130/media/a13cd7c207edd9e74d9b05974c6a7c23.png""}, {""title"": ""Eyes for Instagram profile"", ""shot_url"": ""https://cdn.dribbble.com/users/332742/screenshots/11438002/media/cf8cb3a6d62b82359703dea594138fee.gif""}, {""title"": ""Pride Concept"", ""shot_url"": ""https://cdn.dribbble.com/users/1733592/screenshots/12081119/media/2f96de8223703dbe56280cea7f6c5d34.png""}, {""title"": ""Look in my eyes!"", ""shot_url"": ""https://cdn.dribbble.com/users/3381633/screenshots/14345269/media/44c28a5486ceee5c180326ea82742721.png""}, {""title"": ""Strangers"", ""shot_url"": ""https://cdn.dribbble.com/users/1821976/screenshots/10738686/media/23476788666d5ead4cbe9059a3e58f81.jpg""}, {""title"": ""Crazy Eye"", ""shot_url"": ""https://cdn.dribbble.com/users/299116/screenshots/14347603/color.png""}, {""title"": ""Argus"", ""shot_url"": ""https://cdn.dribbble.com/users/1377109/screenshots/10415088/media/01e843f006adf3dadf5176e994c59f84.png""}]"
Welcome to my design portfolio on Dribbble,"""Simpler is Better"". I'm specialized in logo and simple illustrations.Feel free to contact / hire me at  Jafar_sidik@yahoo.com","character, character design, cute character, cute mascot, illustration, illustrative logo, logo, mascot, mascot design, mascot logo",[]
Making the world a more colourful place.,Art Director at Banfield. Specializing in creating positive design and working with happy companies. Chaotic good. ,"branding, graphic design, illustration",[]
,Art Director and Illustrator,"art direction, illustration, systems design",[]
"Striking artwork with bold colors, and expressive shapes.","Dominique Ramsey is an award-winning freelance Illustrator and Designer based in Charlotte. Her work has been acknowledged by the Society of Illustrators, the Art Directors Club, 3x3 Illustration, American Illustration, shown in galleries around the country including the BWI Thurgood Marshall Airport. ","adobe illustrator, adobe photoshop, procreate, vector artwork, vector illustrator",[]
